	acousticness	danceability	instrumentalness	valence	energy	target
0	0.0102	0.833	0.0219	0.286	0.434	1
1	0.199	0.743	0.00611	0.588	0.359	1
2	0.0344	0.838	0.000234	0.173	0.412	1
3	0.604	0.494	0.51	0.23	0.338	1
4	0.18	0.678	0.512	0.904	0.561	1
5	0.00479	0.804	0.0	0.264	0.56	1
6	0.0145	0.739	7.27e-06	0.308	0.472	1
7	0.0202	0.266	0.664	0.393	0.348	1
8	0.0481	0.603	0.0	0.398	0.944	1
9	0.00208	0.836	0.0	0.386	0.603	1
10	0.0572	0.525	0.0143	0.524	0.855	1
11	0.0915	0.753	0.00348	0.642	0.748	1
12	0.253	0.603	0.0619	0.381	0.434	1
13	0.366	0.762	0.0	0.367	0.476	1
14	0.44	0.662	0.0	0.351	0.603	1
15	0.019	0.637	0.0563	0.317	0.832	1
16	0.0239	0.603	0.0451	0.773	0.955	1
17	0.233	0.789	0.00049	0.842	0.659	1
18	0.314	0.713	0.0	0.783	0.611	1
19	0.0242	0.735	0.185	0.763	0.759	1
20	0.000702	0.854	0.308	0.471	0.719	1
21	0.00024	0.747	0.369	0.77	0.74	1
22	0.118	0.854	0.0	0.441	0.401	1
23	0.000596	0.224	1.35e-06	0.364	0.925	1
24	0.279	0.512	1.54e-05	0.401	0.564	1
25	0.00219	0.781	0.269	0.795	0.795	1
26	0.341	0.411	1.42e-06	0.598	0.684	1
27	0.018	0.646	0.0403	0.32	0.837	1
28	0.0516	0.782	0.0	0.237	0.572	1
29	0.282	0.735	0.125	0.326	0.4	1
30	0.00791	0.45	0.0	0.137	0.449	1
31	0.0219	0.897	1.31e-06	0.27	0.642	1
32	0.0358	0.959	0.0	0.424	0.598	1
33	0.0324	0.742	0.0	0.429	0.559	1
34	0.118	0.805	0.0	0.683	0.687	1
35	0.0428	0.667	0.0	0.372	0.581	1
36	0.297	0.722	0.0	0.855	0.823	1
37	0.0565	0.853	0.0	0.677	0.547	1
38	0.0128	0.747	0.0	0.571	0.705	1
39	0.135	0.777	5.5e-05	0.848	0.591	1
40	0.00041	0.731	0.625	0.622	0.852	1
41	0.00356	0.76	0.0	0.069	0.402	1
42	0.00156	0.624	1.54e-06	0.318	0.792	1
43	0.00243	0.621	0.00856	0.0891	0.683	1
44	0.533	0.64	0.0	0.624	0.819	1
45	0.00631	0.715	0.0	0.607	0.833	1
46	0.00182	0.7	0.711	0.947	0.756	1
47	0.0923	0.789	0.000408	0.832	0.494	1
48	0.375	0.796	0.00457	0.973	0.86	1
49	0.183	0.716	0.058	0.93	0.957	1
50	0.0185	0.74	0.0624	0.852	0.846	1
51	0.0638	0.7	0.112	0.745	0.84	1
52	0.456	0.514	0.000181	0.532	0.453	1
53	0.128	0.313	0.0787	0.186	0.77	1
54	0.246	0.676	0.0	0.301	0.528	1
55	0.12	0.532	0.0	0.486	0.596	1
56	0.00426	0.646	0.277	0.176	0.629	1
57	0.193	0.598	0.138	0.0359	0.252	1
58	0.0174	0.754	9.4e-05	0.599	0.442	1
59	0.000392	0.294	0.865	0.136	0.786	1
60	0.435	0.622	0.471	0.328	0.253	1
61	0.257	0.559	0.000171	0.671	0.656	1
62	0.000145	0.54	0.753	0.87	0.945	1
63	0.273	0.793	0.0	0.887	0.7	1
64	0.374	0.549	3.5e-06	0.785	0.715	1
65	0.00266	0.557	0.771	0.259	0.607	1
66	0.000546	0.597	0.051	0.361	0.444	1
67	0.00781	0.879	1.45e-05	0.277	0.512	1
68	0.125	0.726	0.89	0.472	0.497	1
69	0.00158	0.857	0.0	0.251	0.831	1
70	0.0132	0.807	0.666	0.797	0.778	1
71	0.783	0.596	0.569	0.197	0.639	1
72	0.518	0.683	2.08e-05	0.967	0.708	1
73	0.0548	0.768	0.13	0.887	0.853	1
74	0.727	0.506	0.0	0.936	0.948	1
75	0.000313	0.457	0.000215	0.297	0.918	1
76	0.34	0.468	0.821	0.324	0.58	1
77	0.47	0.537	1.86e-05	0.549	0.447	1
78	0.855	0.515	0.463	0.194	0.217	1
79	0.00502	0.429	1.54e-05	0.174	0.725	1
80	0.555	0.791	0.00155	0.733	0.58	1
81	0.186	0.711	0.0	0.403	0.705	1
82	0.0249	0.683	0.627	0.921	0.824	1
83	0.0108	0.309	0.854	0.46	0.325	1
84	0.193	0.867	0.000219	0.761	0.733	1
85	0.0192	0.619	0.263	0.853	0.734	1
86	0.00776	0.898	0.292	0.868	0.5	1
87	0.17	0.589	0.000406	0.76	0.745	1
88	0.0221	0.606	1.65e-05	0.958	0.668	1
89	0.0397	0.786	0.272	0.68	0.547	1
90	0.0213	0.734	0.0	0.72	0.548	1
91	0.0454	0.812	0.0	0.399	0.676	1
92	0.00672	0.876	1.06e-05	0.249	0.606	1
93	0.00488	0.601	0.0365	0.566	0.873	1
94	0.00419	0.748	0.0	0.533	0.741	1
95	0.17	0.615	0.0	0.601	0.814	1
96	0.0604	0.799	0.0	0.833	0.789	1
97	0.0571	0.398	0.0172	0.689	0.776	1
98	0.716	0.685	0.518	0.649	0.423	1
99	0.0151	0.706	0.0	0.463	0.581	1
100	0.228	0.63	0.00661	0.805	0.98	1
101	0.017	0.57	5.74e-05	0.267	0.736	1
102	0.247	0.525	0.0	0.943	0.643	1
103	0.123	0.698	0.0	0.46	0.793	1
104	0.00705	0.763	0.032	0.347	0.773	1
105	0.181	0.511	0.0	0.814	0.769	1
106	0.378	0.506	0.0293	0.855	0.813	1
107	0.677	0.513	6.43e-05	0.521	0.494	1
108	0.488	0.251	7.34e-06	0.587	0.868	1
109	0.487	0.559	0.0	0.842	0.633	1
110	0.7	0.431	6.37e-06	0.632	0.678	1
111	0.403	0.683	0.0	0.93	0.71	1
112	0.656	0.78	0.0	0.967	0.599	1
113	0.00904	0.614	0.000131	0.354	0.907	1
114	0.141	0.661	0.0	0.657	0.531	1
115	0.119	0.564	0.0	0.489	0.594	1
116	0.0659	0.751	0.0	0.168	0.597	1
117	0.00257	0.896	0.000258	0.564	0.623	1
118	0.00256	0.618	0.0	0.601	0.717	1
119	0.0244	0.746	0.0	0.808	0.873	1
120	0.013	0.888	4.85e-06	0.221	0.483	1
121	0.0127	0.443	0.952	0.138	0.645	1
122	0.00943	0.507	0.0018	0.472	0.934	1
123	0.000758	0.695	0.000103	0.612	0.912	1
124	0.674	0.462	0.000632	0.748	0.449	1
125	0.0161	0.526	0.0	0.299	0.712	1
126	0.107	0.645	0.0266	0.886	0.924	1
127	0.0134	0.405	7.62e-05	0.204	0.647	1
128	0.0219	0.735	0.89	0.886	0.641	1
129	0.0452	0.746	7.77e-05	0.216	0.416	1
130	0.0551	0.547	0.0	0.187	0.643	1
131	0.0224	0.634	0.0	0.659	0.609	1
132	0.244	0.607	0.000177	0.16	0.488	1
133	0.0668	0.704	1.93e-06	0.694	0.647	1
134	7.19e-05	0.558	0.00746	0.492	0.642	1
135	0.0227	0.698	0.0599	0.786	0.804	1
136	0.103	0.772	6.61e-05	0.564	0.582	1
137	0.0956	0.788	0.0	0.678	0.864	1
138	0.00919	0.944	0.0	0.891	0.839	1
139	0.354	0.729	0.0	0.853	0.795	1
140	0.00469	0.721	0.0103	0.578	0.621	1
141	0.00102	0.798	3.22e-06	0.482	0.751	1
142	0.0512	0.851	0.0	0.365	0.387	1
143	0.0252	0.34	0.0	0.654	0.805	1
144	0.221	0.767	0.0723	0.779	0.891	1
145	0.937	0.772	0.018	0.592	0.635	1
146	2.13e-05	0.259	0.823	0.682	0.847	1
147	0.284	0.633	0.0	0.324	0.77	1
148	0.0962	0.654	0.0031	0.111	0.292	1
149	0.334	0.726	0.00135	0.48	0.583	1
150	0.0648	0.855	0.0	0.433	0.638	1
151	0.185	0.704	0.0972	0.349	0.431	1
152	0.689	0.658	0.0	0.197	0.179	1
153	0.000472	0.502	0.043	0.593	0.833	1
154	0.00157	0.79	0.0	0.314	0.676	1
155	0.0233	0.738	0.0317	0.863	0.849	1
156	0.00212	0.777	0.868	0.201	0.739	1
157	0.0734	0.791	0.0	0.581	0.779	1
158	0.19	0.735	0.0	0.16	0.41	1
159	0.188	0.556	0.911	0.516	0.582	1
160	0.461	0.427	5.52e-05	0.462	0.465	1
161	0.0111	0.563	2.71e-05	0.767	0.81	1
162	0.0496	0.753	0.0123	0.445	0.708	1
163	0.149	0.785	0.813	0.961	0.764	1
164	0.0682	0.557	0.0263	0.211	0.608	1
165	0.489	0.594	0.00452	0.311	0.42	1
166	0.000259	0.644	0.0708	0.752	0.758	1
167	0.217	0.704	0.000118	0.804	0.657	1
168	0.0472	0.849	0.0	0.337	0.408	1
169	0.228	0.628	0.0183	0.618	0.568	1
170	0.00689	0.717	0.0	0.512	0.862	1
171	0.0109	0.584	1.03e-06	0.326	0.68	1
172	0.0246	0.586	0.000167	0.207	0.806	1
173	0.00399	0.648	0.294	0.559	0.85	1
174	0.037	0.807	0.000763	0.421	0.785	1
175	0.0789	0.577	0.207	0.381	0.941	1
176	0.141	0.5	6.21e-06	0.325	0.593	1
177	0.108	0.804	0.0636	0.966	0.708	1
178	0.0108	0.787	0.0152	0.867	0.658	1
179	0.0107	0.246	5.71e-06	0.189	0.784	1
180	0.0107	0.882	0.00152	0.678	0.743	1
181	0.0315	0.628	0.543	0.86	0.824	1
182	0.00807	0.451	0.0	0.674	0.79	1
183	0.64	0.518	0.000536	0.264	0.385	1
184	0.0414	0.774	4.84e-06	0.768	0.901	1
185	0.0127	0.547	5.01e-06	0.496	0.635	1
186	0.0585	0.552	0.892	0.603	0.878	1
187	0.00856	0.542	5.38e-06	0.389	0.946	1
188	0.019	0.695	0.8	0.337	0.94	1
189	0.0488	0.633	0.00047	0.357	0.492	1
190	0.365	0.312	0.0038	0.308	0.445	1
191	0.17	0.43	0.0	0.22	0.436	1
192	0.0346	0.19	0.0369	0.181	0.908	1
193	0.0361	0.312	0.618	0.122	0.907	1
194	0.00818	0.539	0.0717	0.249	0.582	1
195	0.613	0.698	1.61e-05	0.816	0.878	1
196	0.00275	0.476	0.757	0.745	0.818	1
197	0.064	0.568	0.00099	0.792	0.936	1
198	0.00192	0.558	8.97e-06	0.214	0.74	1
199	0.0212	0.604	0.0	0.893	0.894	1
200	0.0516	0.718	0.0473	0.898	0.921	1
201	0.0855	0.737	9.32e-05	0.438	0.545	1
202	0.0293	0.769	2.12e-06	0.948	0.712	1
203	0.00731	0.567	0.205	0.354	0.506	1
204	0.000467	0.817	1.51e-06	0.448	0.588	1
205	0.0411	0.767	0.402	0.496	0.912	1
206	0.000195	0.77	0.897	0.678	0.895	1
207	0.827	0.712	0.548	0.973	0.77	1
208	0.39	0.706	0.692	0.385	0.577	1
209	0.00471	0.542	0.0161	0.426	0.799	1
210	0.827	0.583	3.81e-05	0.782	0.776	1
211	0.0628	0.727	0.526	0.93	0.548	1
212	0.00919	0.45	0.101	0.209	0.782	1
213	0.0027	0.602	0.0053	0.468	0.764	1
214	0.385	0.415	0.0	0.372	0.681	1
215	0.0304	0.614	0.000297	0.584	0.838	1
216	0.105	0.901	7.79e-06	0.606	0.744	1
217	0.359	0.7	0.0221	0.64	0.986	1
218	0.119	0.583	0.0	0.422	0.843	1
219	0.0112	0.6	0.535	0.193	0.586	1
220	0.251	0.786	0.213	0.318	0.706	1
221	0.0696	0.512	0.33	0.396	0.821	1
222	0.403	0.791	0.0	0.96	0.664	1
223	0.849	0.533	0.565	0.196	0.213	1
224	0.0862	0.731	0.000388	0.648	0.75	1
225	0.000156	0.853	0.88	0.499	0.532	1
226	0.0398	0.674	0.000123	0.567	0.501	1
227	0.0448	0.788	0.0	0.13	0.617	1
228	0.000686	0.745	0.2	0.946	0.857	1
229	0.0107	0.621	0.187	0.288	0.796	1
230	0.377	0.818	0.0	0.895	0.528	1
231	0.0988	0.856	0.000472	0.91	0.874	1
232	0.0913	0.614	0.0	0.944	0.857	1
233	0.0778	0.729	0.0	0.23	0.527	1
234	0.0608	0.42	0.0107	0.416	0.776	1
235	0.011	0.757	0.00672	0.952	0.578	1
236	0.0249	0.618	1.37e-05	0.299	0.538	1
237	0.642	0.657	4.03e-05	0.266	0.393	1
238	0.538	0.879	0.000333	0.797	0.495	1
239	0.0172	0.496	0.0367	0.172	0.54	1
240	0.0639	0.742	0.165	0.748	0.945	1
241	0.245	0.623	0.000913	0.884	0.65	1
242	0.00101	0.736	0.897	0.0793	0.68	1
243	0.254	0.482	2.43e-06	0.539	0.96	1
244	0.0117	0.683	0.000379	0.317	0.86	1
245	0.0626	0.697	0.774	0.436	0.655	1
246	0.479	0.631	0.0	0.104	0.626	1
247	0.0957	0.747	0.000519	0.56	0.722	1
248	0.251	0.569	2.68e-06	0.709	0.74	1
249	0.029	0.674	5.56e-06	0.807	0.832	1
250	0.00744	0.578	0.0816	0.452	0.947	1
251	0.449	0.586	0.368	0.276	0.658	1
252	0.275	0.756	0.0	0.307	0.44	1
253	0.212	0.723	5.83e-05	0.867	0.687	1
254	0.0559	0.599	0.108	0.371	0.645	1
255	0.00333	0.586	0.916	0.771	0.671	1
256	0.0332	0.749	0.0499	0.824	0.802	1
257	0.539	0.689	0.0	0.822	0.83	1
258	0.0257	0.283	0.00489	0.151	0.331	1
259	0.0193	0.413	0.0	0.601	0.676	1
260	0.0181	0.932	6.81e-06	0.552	0.819	1
261	0.0062	0.748	0.0	0.273	0.733	1
262	0.108	0.53	0.0	0.272	0.433	1
263	0.196	0.388	0.00883	0.804	0.688	1
264	0.667	0.371	0.00186	0.558	0.703	1
265	0.124	0.875	0.0123	0.704	0.532	1
266	0.074	0.523	0.00336	0.496	0.722	1
267	0.0962	0.654	0.0031	0.111	0.292	1
268	0.455	0.847	0.0622	0.624	0.654	1
269	0.015	0.836	0.00103	0.43	0.537	1
270	0.172	0.413	0.000309	0.542	0.555	1
271	0.123	0.473	0.968	0.554	0.865	1
272	0.00593	0.609	0.585	0.0844	0.641	1
273	0.174	0.544	0.0248	0.189	0.427	1
274	0.0059	0.379	1.04e-05	0.0647	0.674	1
275	0.000304	0.316	0.0139	0.239	0.748	1
276	0.29	0.857	3.04e-06	0.729	0.484	1
277	0.00412	0.389	0.172	0.399	0.884	1
278	0.00492	0.519	0.93	0.222	0.793	1
279	0.384	0.478	0.808	0.0635	0.6	1
280	0.00978	0.706	0.00955	0.808	0.643	1
281	0.0621	0.736	0.0312	0.761	0.539	1
282	0.081	0.651	6.54e-05	0.738	0.77	1
283	0.0269	0.869	0.299	0.244	0.658	1
284	0.428	0.624	0.656	0.517	0.852	1
285	0.699	0.386	0.872	0.254	0.509	1
286	0.22	0.234	0.000176	0.365	0.747	1
287	0.516	0.525	5e-06	0.769	0.797	1
288	0.00564	0.521	0.0226	0.264	0.888	1
289	0.504	0.719	0.0	0.668	0.697	1
290	0.825	0.722	0.0178	0.69	0.605	1
291	0.0453	0.806	5.71e-06	0.131	0.696	1
292	0.259	0.763	0.902	0.475	0.491	1
293	0.00403	0.736	5.49e-06	0.601	0.68	1
294	0.0141	0.651	6.02e-06	0.731	0.824	1
295	0.127	0.479	0.0	0.522	0.609	1
296	0.379	0.535	0.0464	0.339	0.374	1
297	0.0861	0.356	0.0	0.116	0.567	1
298	0.26	0.753	0.000102	0.967	0.9	1
299	0.032	0.694	0.00129	0.549	0.789	1
300	0.0356	0.483	1.6e-06	0.803	0.804	1
301	0.0453	0.878	0.751	0.138	0.43	1
302	0.19	0.703	5.26e-06	0.815	0.412	1
303	0.407	0.688	0.0	0.708	0.488	1
304	0.854	0.316	0.888	0.0933	0.308	1
305	0.153	0.725	0.0328	0.191	0.918	1
306	0.321	0.749	0.155	0.587	0.422	1
307	0.00079	0.771	0.1	0.281	0.248	1
308	0.0259	0.69	0.00243	0.693	0.548	1
309	0.058	0.648	0.0	0.464	0.887	1
310	0.0498	0.403	0.0	0.734	0.742	1
311	0.0803	0.664	0.000253	0.527	0.727	1
312	0.118	0.704	0.000115	0.408	0.894	1
313	0.00189	0.554	0.39	0.824	0.749	1
314	0.0174	0.446	0.0	0.585	0.752	1
315	0.124	0.612	0.85	0.373	0.628	1
316	0.00838	0.587	3.55e-05	0.42	0.866	1
317	0.429	0.551	0.000686	0.628	0.952	1
318	0.419	0.331	0.0	0.561	0.957	1
319	0.106	0.912	0.000208	0.949	0.317	1
320	0.0211	0.697	0.893	0.311	0.905	1
321	0.00799	0.883	0.804	0.964	0.333	1
322	0.00236	0.733	0.00102	0.657	0.87	1
323	0.0602	0.803	0.000627	0.726	0.579	1
324	0.219	0.698	0.0	0.712	0.515	1
325	0.0138	0.677	0.0	0.742	0.905	1
326	0.0169	0.648	0.0	0.176	0.862	1
327	0.315	0.65	0.0	0.193	0.448	1
328	0.518	0.672	0.26	0.356	0.527	1
329	0.0567	0.838	0.799	0.357	0.537	1
330	0.0286	0.76	0.00691	0.965	0.391	1
331	0.00909	0.646	0.000124	0.408	0.621	1
332	0.0445	0.808	0.3	0.458	0.687	1
333	0.119	0.716	1.38e-05	0.159	0.647	1
334	0.0111	0.846	0.00257	0.825	0.501	1
335	0.388	0.704	0.0147	0.584	0.942	1
336	2.84e-06	0.305	0.00245	0.463	0.827	1
337	0.0115	0.82	0.445	0.972	0.616	1
338	0.136	0.185	0.0	0.322	0.89	1
339	0.00328	0.562	0.0	0.634	0.801	1
340	0.376	0.565	0.000121	0.782	0.86	1
341	0.196	0.464	0.0088	0.627	0.772	1
342	0.248	0.576	0.000609	0.57	0.602	1
343	0.0686	0.388	0.0	0.641	0.598	1
344	0.602	0.637	0.119	0.931	0.498	1
345	0.0893	0.636	0.0178	0.444	0.72	1
346	0.000141	0.688	0.92	0.757	0.587	1
347	0.0469	0.766	0.0	0.401	0.82	1
348	0.133	0.402	0.0	0.706	0.794	1
349	0.157	0.599	0.0	0.44	0.524	1
350	0.371	0.837	0.0401	0.407	0.492	1
351	0.0124	0.612	0.0	0.451	0.858	1
352	0.19	0.63	0.753	0.142	0.671	1
353	0.0953	0.614	0.0559	0.477	0.858	1
354	0.27	0.446	0.661	0.503	0.89	1
355	0.0846	0.481	0.907	0.852	0.851	1
356	0.00855	0.293	0.0111	0.696	0.792	1
357	0.128	0.889	0.0004	0.261	0.597	1
358	0.088	0.673	0.0108	0.457	0.857	1
359	0.0406	0.536	8.92e-05	0.368	0.922	1
360	0.0377	0.575	0.563	0.718	0.691	1
361	0.021	0.571	0.0	0.538	0.719	1
362	0.0466	0.784	1.57e-05	0.79	0.803	1
363	0.16	0.746	0.0	0.836	0.682	1
364	0.00266	0.444	0.0299	0.294	0.498	1
365	0.0833	0.736	0.000349	0.512	0.882	1
366	0.445	0.915	3.63e-05	0.113	0.54	1
367	0.304	0.75	0.0	0.504	0.835	1
368	0.109	0.632	0.0	0.602	0.519	1
369	0.0152	0.814	0.36	0.287	0.83	1
370	0.273	0.893	0.0	0.642	0.378	1
371	0.0146	0.823	1.03e-06	0.207	0.768	1
372	0.0573	0.639	0.0294	0.553	0.749	1
373	0.726	0.49	2.54e-05	0.107	0.376	1
374	0.0487	0.289	0.000293	0.366	0.523	1
375	0.111	0.615	0.0	0.664	0.781	1
376	0.0207	0.808	0.364	0.752	0.41	1
377	0.102	0.775	0.582	0.961	0.528	1
378	0.00757	0.393	0.145	0.474	0.838	1
379	0.01	0.449	0.122	0.118	0.416	1
380	2.24e-05	0.595	0.835	0.131	0.549	1
381	0.038	0.728	0.0	0.904	0.62	1
382	0.765	0.561	0.685	0.654	0.896	1
383	0.775	0.758	0.0	0.218	0.343	1
384	0.000429	0.782	0.121	0.872	0.938	1
385	0.323	0.839	0.0505	0.45	0.48	1
386	0.0301	0.226	0.0677	0.0795	0.261	1
387	0.268	0.763	4.37e-06	0.369	0.623	1
388	0.0626	0.858	0.243	0.593	0.717	1
389	0.000239	0.329	0.0944	0.403	0.814	1
390	0.317	0.727	0.0	0.381	0.599	1
391	0.00605	0.318	0.832	0.683	0.975	1
392	0.0818	0.61	0.0	0.938	0.791	1
393	0.0021	0.646	0.00626	0.935	0.892	1
394	0.016	0.79	0.13	0.373	0.616	1
395	0.0385	0.484	0.66	0.193	0.492	1
396	0.304	0.785	0.403	0.626	0.573	1
397	0.113	0.715	0.0418	0.398	0.64	1
398	0.0414	0.811	0.142	0.752	0.635	1
399	0.704	0.597	0.0119	0.854	0.721	1
400	0.785	0.6	0.0289	0.0768	0.413	1
401	0.629	0.811	1.4e-05	0.72	0.461	1
402	0.0167	0.797	0.919	0.355	0.961	1
403	0.391	0.799	3.16e-06	0.956	0.657	1
404	0.0301	0.769	0.016	0.719	0.514	1
405	0.27	0.865	0.0488	0.939	0.896	1
406	0.107	0.826	7.71e-05	0.919	0.751	1
407	0.96	0.508	0.00259	0.271	0.325	1
408	0.124	0.85	0.00135	0.845	0.818	1
409	0.0245	0.819	0.358	0.84	0.684	1
410	0.0194	0.896	0.033	0.847	0.482	1
411	0.0129	0.401	7.72e-05	0.173	0.661	1
412	0.0106	0.346	0.685	0.711	0.808	1
413	0.115	0.697	0.901	0.483	0.529	1
414	0.195	0.605	0.0135	0.136	0.732	1
415	0.034	0.691	0.00225	0.334	0.71	1
416	0.0079	0.428	0.935	0.0576	0.74	1
417	0.00525	0.555	0.0	0.319	0.612	1
418	0.482	0.732	0.809	0.191	0.468	1
419	0.0124	0.633	0.689	0.512	0.926	1
420	0.000199	0.284	0.0	0.199	0.961	1
421	0.119	0.68	2.86e-05	0.261	0.489	1
422	0.0463	0.578	0.0201	0.959	0.825	1
423	0.0602	0.658	0.00781	0.568	0.835	1
424	0.00914	0.385	0.522	0.52	0.902	1
425	0.0555	0.735	0.0627	0.469	0.798	1
426	0.132	0.635	0.0	0.675	0.766	1
427	0.0101	0.569	0.0145	0.291	0.857	1
428	0.000613	0.469	0.000829	0.138	0.823	1
429	0.0571	0.502	0.054	0.207	0.632	1
430	0.0212	0.597	0.473	0.383	0.798	1
431	0.459	0.673	0.000237	0.551	0.764	1
432	0.198	0.507	0.865	0.17	0.739	1
433	0.0198	0.517	1.31e-06	0.331	0.491	1
434	0.00417	0.356	0.00975	0.592	0.872	1
435	0.00529	0.563	0.883	0.6	0.924	1
436	0.0039	0.567	0.0	0.697	0.876	1
437	0.00501	0.633	1.93e-05	0.455	0.884	1
438	0.929	0.445	0.167	0.091	0.461	1
439	0.00145	0.575	0.0	0.295	0.625	1
440	0.369	0.662	0.000197	0.442	0.571	1
441	0.00096	0.573	0.00191	0.769	0.946	1
442	0.0244	0.605	0.586	0.367	0.755	1
443	0.00632	0.374	0.0207	0.337	0.937	1
444	0.158	0.714	1.29e-05	0.897	0.924	1
445	0.00441	0.207	0.421	0.135	0.878	1
446	0.0729	0.589	0.942	0.556	0.938	1
447	0.652	0.36	0.000128	0.144	0.362	1
448	0.00091	0.516	0.0	0.238	0.66	1
449	0.126	0.579	3.28e-05	0.67	0.767	1
450	0.0184	0.845	0.00581	0.346	0.59	1
451	0.0914	0.568	0.459	0.452	0.662	1
452	0.154	0.716	0.000309	0.698	0.724	1
453	0.386	0.791	0.0126	0.717	0.729	1
454	0.00983	0.795	0.743	0.639	0.578	1
455	0.00215	0.584	0.0217	0.722	0.761	1
456	0.676	0.679	0.0	0.677	0.709	1
457	0.0693	0.646	0.0	0.957	0.947	1
458	0.0961	0.704	0.000114	0.646	0.49	1
459	0.00254	0.812	0.698	0.786	0.554	1
460	0.394	0.76	0.775	0.992	0.971	1
461	2.15e-05	0.657	0.153	0.531	0.699	1
462	0.185	0.731	0.154	0.861	0.812	1
463	0.00649	0.805	0.00772	0.753	0.596	1
464	0.00947	0.718	0.711	0.54	0.844	1
465	0.0507	0.597	0.000198	0.891	0.746	1
466	0.738	0.698	8.21e-06	0.779	0.923	1
467	0.000419	0.823	0.0745	0.718	0.811	1
468	0.00176	0.819	0.0931	0.769	0.777	1
469	0.02	0.671	0.0	0.684	0.781	1
470	0.00402	0.872	0.237	0.885	0.565	1
471	0.00241	0.85	0.0672	0.584	0.664	1
472	0.652	0.36	0.000128	0.144	0.362	1
473	0.196	0.76	0.00185	0.616	0.76	1
474	0.0305	0.874	0.0	0.644	0.492	1
475	0.0229	0.527	0.155	0.12	0.871	1
476	0.000963	0.767	0.00275	0.947	0.712	1
477	0.233	0.328	0.00517	0.709	0.827	1
478	0.0175	0.702	0.00165	0.484	0.773	1
479	0.00314	0.654	0.000249	0.243	0.734	1
480	0.0369	0.448	0.0425	0.404	0.733	1
481	0.0152	0.542	0.0	0.262	0.854	1
482	0.00206	0.469	0.00914	0.226	0.821	1
483	0.429	0.857	5.21e-06	0.82	0.889	1
484	0.000407	0.796	0.812	0.327	0.774	1
485	0.0401	0.67	0.0021	0.294	0.897	1
486	0.000299	0.697	0.00674	0.288	0.68	1
487	0.0193	0.352	6.04e-06	0.0459	0.807	1
488	0.122	0.687	0.0011	0.0397	0.799	1
489	0.0998	0.666	0.0614	0.955	0.811	1
490	0.0285	0.764	0.0235	0.627	0.768	1
491	0.0132	0.677	0.0119	0.793	0.86	1
492	0.275	0.735	0.0	0.491	0.801	1
493	0.000483	0.286	0.00252	0.411	0.694	1
494	0.00138	0.881	0.0	0.36	0.564	1
495	0.0086	0.246	0.241	0.681	0.843	1
496	0.000248	0.515	0.156	0.707	0.876	1
497	0.0227	0.816	7.23e-05	0.968	0.894	1
498	0.00569	0.715	0.772	0.923	0.518	1
499	0.0365	0.829	0.0233	0.688	0.637	1
500	0.289	0.444	0.778	0.463	0.978	1
501	0.232	0.612	0.011	0.153	0.725	1
502	0.0989	0.7	0.0609	0.343	0.718	1
503	0.000869	0.754	0.0	0.557	0.877	1
504	0.148	0.327	0.00442	0.262	0.654	1
505	0.0173	0.646	0.0	0.173	0.778	1
506	0.00991	0.486	0.158	0.726	0.526	1
507	0.473	0.551	0.664	0.137	0.504	1
508	0.0246	0.586	0.000167	0.207	0.806	1
509	0.00909	0.694	0.000814	0.896	0.716	1
510	0.122	0.817	0.0	0.161	0.528	1
511	0.0764	0.611	0.0698	0.233	0.677	1
512	0.419	0.727	0.0	0.794	0.657	1
513	0.229	0.485	0.784	0.295	0.793	1
514	0.0413	0.52	0.725	0.524	0.872	1
515	0.000105	0.399	0.0456	0.244	0.761	1
516	0.52	0.582	0.779	0.902	0.903	1
517	0.0833	0.852	0.0	0.648	0.523	1
518	0.0156	0.623	0.0769	0.847	0.806	1
519	0.145	0.844	0.00351	0.747	0.688	1
520	0.0275	0.684	0.000311	0.508	0.603	1
521	0.000103	0.498	0.528	0.228	0.553	1
522	0.0329	0.162	0.122	0.0778	0.254	1
523	0.0842	0.671	0.0121	0.545	0.784	1
524	0.597	0.792	0.000106	0.677	0.387	1
525	0.0801	0.417	0.00141	0.376	0.944	1
526	0.0726	0.739	0.0	0.374	0.526	1
527	0.203	0.791	0.0	0.62	0.916	1
528	0.00341	0.491	0.348	0.964	0.935	1
529	0.0581	0.748	0.0	0.162	0.586	1
530	7.79e-05	0.351	0.129	0.604	0.931	1
531	0.001	0.48	0.000273	0.579	0.964	1
532	3.41e-05	0.123	0.0329	0.68	0.963	1
533	0.00814	0.401	0.878	0.405	0.972	1
534	0.00023	0.228	0.848	0.499	0.886	1
535	0.0214	0.465	0.79	0.0451	0.633	1
536	0.11	0.438	0.0	0.0759	0.539	1
537	0.0036	0.396	0.531	0.351	0.601	1
538	0.000183	0.596	0.00767	0.52	0.628	1
539	0.000964	0.276	0.858	0.547	0.766	1
540	0.104	0.241	0.00042	0.506	0.588	1
541	0.000341	0.821	0.909	0.269	0.902	1
542	0.854	0.354	0.8	0.0745	0.228	1
543	0.0372	0.638	0.00748	0.915	0.897	1
544	0.0101	0.651	0.000186	0.711	0.642	1
545	0.0543	0.625	4.07e-05	0.223	0.576	1
546	0.169	0.759	0.0687	0.752	0.772	1
547	0.0175	0.726	0.0	0.494	0.664	1
548	0.8	0.611	0.872	0.322	0.9	1
549	0.0845	0.865	0.158	0.619	0.549	1
550	0.00135	0.794	0.883	0.314	0.481	1
551	0.0193	0.614	0.518	0.726	0.677	1
552	0.0113	0.535	0.00751	0.431	0.857	1
553	0.453	0.815	0.0	0.813	0.672	1
554	0.00104	0.595	0.00733	0.685	0.794	1
555	4.06e-05	0.683	0.000113	0.962	0.698	1
556	0.0829	0.722	0.0	0.606	0.619	1
557	0.0985	0.647	0.0	0.886	0.841	1
558	0.000455	0.428	0.000854	0.48	0.972	1
559	9.19e-06	0.325	0.000288	0.184	0.918	1
560	0.074	0.912	0.762	0.891	0.781	1
561	0.0324	0.771	0.0	0.218	0.416	1
562	0.00069	0.759	0.719	0.315	0.764	1
563	0.135	0.691	0.0291	0.675	0.737	1
564	0.139	0.701	0.0526	0.739	0.822	1
565	0.263	0.736	0.663	0.144	0.58	1
566	0.131	0.564	8.05e-06	0.582	0.912	1
567	0.164	0.824	0.0	0.568	0.513	1
568	0.0451	0.406	0.722	0.822	0.74	1
569	0.116	0.762	0.0	0.781	0.883	1
570	0.078	0.54	0.0	0.62	0.77	1
571	0.109	0.834	0.822	0.306	0.481	1
572	0.00855	0.714	2.55e-05	0.824	0.905	1
573	0.0015	0.36	0.807	0.664	0.774	1
574	0.018	0.609	8.68e-06	0.405	0.798	1
575	0.0047	0.777	0.69	0.18	0.688	1
576	0.135	0.749	0.0	0.196	0.647	1
577	0.0202	0.67	0.00792	0.331	0.544	1
578	0.00627	0.684	0.0	0.245	0.637	1
579	0.151	0.633	0.0	0.761	0.85	1
580	0.049	0.594	0.9	0.14	0.77	1
581	0.0119	0.473	0.00218	0.293	0.794	1
582	0.00207	0.931	0.461	0.865	0.606	1
583	0.432	0.744	0.0	0.56	0.685	1
584	0.0452	0.752	0.0	0.611	0.783	1
585	0.00469	0.821	0.0	0.321	0.469	1
586	0.00271	0.908	0.0	0.256	0.513	1
587	0.0401	0.636	0.0	0.471	0.702	1
588	0.239	0.839	0.0	0.557	0.583	1
589	0.0425	0.79	0.0	0.498	0.531	1
590	0.0596	0.787	0.125	0.606	0.81	1
591	0.000451	0.603	0.493	0.496	0.978	1
592	0.00402	0.937	0.0	0.592	0.67	1
593	0.0912	0.748	0.0036	0.618	0.703	1
594	0.00741	0.727	0.0159	0.59	0.235	1
595	0.000117	0.857	0.816	0.669	0.948	1
596	0.0295	0.793	0.0331	0.711	0.978	1
597	0.0492	0.738	0.734	0.816	0.808	1
598	0.00905	0.864	0.0	0.883	0.86	1
599	0.0234	0.688	0.0	0.645	0.457	1
600	0.423	0.786	0.461	0.43	0.525	1
601	0.00201	0.734	0.11	0.543	0.686	1
602	0.0196	0.765	0.0145	0.564	0.891	1
603	0.00263	0.725	2.14e-06	0.72	0.798	1
604	0.014	0.962	0.642	0.361	0.592	1
605	0.00167	0.845	5.97e-05	0.832	0.455	1
606	0.000321	0.5	0.0293	0.298	0.95	1
607	0.0537	0.648	0.0439	0.851	0.547	1
608	0.00576	0.77	0.0107	0.721	0.69	1
609	3.13e-05	0.61	0.698	0.397	0.907	1
610	0.00318	0.663	0.00217	0.396	0.877	1
611	0.000548	0.831	0.000362	0.356	0.373	1
612	0.0482	0.653	0.0	0.493	0.817	1
613	8.34e-05	0.72	0.0	0.555	0.748	1
614	0.769	0.808	2.07e-06	0.88	0.593	1
615	0.0302	0.798	0.0	0.64	0.481	1
616	0.00706	0.586	0.236	0.747	0.915	1
617	0.15	0.695	0.000212	0.425	0.615	1
618	0.00749	0.587	0.0126	0.13	0.784	1
619	0.0765	0.675	0.000609	0.819	0.862	1
620	0.116	0.671	0.000356	0.302	0.73	1
621	0.00221	0.632	0.0	0.393	0.793	1
622	0.0106	0.774	0.433	0.223	0.92	1
623	0.0415	0.941	0.0	0.695	0.685	1
624	0.0426	0.794	1.07e-06	0.865	0.811	1
625	0.0436	0.805	0.0	0.76	0.634	1
626	0.00584	0.394	0.0	0.195	0.669	1
627	0.0347	0.635	0.000184	0.345	0.459	1
628	0.00116	0.669	0.0	0.163	0.765	1
629	0.0637	0.742	0.0	0.562	0.912	1
630	0.244	0.624	0.0	0.862	0.752	1
631	0.45	0.622	0.0	0.304	0.628	1
632	0.121	0.719	0.0	0.357	0.66	1
633	0.000478	0.525	0.429	0.52	0.8	1
634	0.14	0.525	0.117	0.791	0.538	1
635	0.000373	0.472	0.93	0.166	0.855	1
636	0.00417	0.9	2.04e-05	0.566	0.929	1
637	0.000839	0.802	0.0212	0.407	0.586	1
638	0.000423	0.723	0.936	0.156	0.669	1
639	0.284	0.797	0.00859	0.958	0.508	1
640	0.00255	0.869	0.534	0.457	0.426	1
641	0.0302	0.756	1.98e-06	0.0681	0.595	1
642	0.0267	0.821	1.37e-05	0.91	0.793	1
643	0.000891	0.806	0.864	0.436	0.772	1
644	0.152	0.702	5.11e-06	0.794	0.504	1
645	0.0956	0.646	1.12e-06	0.229	0.929	1
646	0.000736	0.491	3.19e-05	0.516	0.883	1
647	0.028	0.291	0.627	0.511	0.901	1
648	0.274	0.683	0.0748	0.667	0.776	1
649	0.00845	0.799	0.0143	0.378	0.605	1
650	0.00968	0.836	0.0	0.658	0.817	1
651	0.0613	0.931	0.0	0.614	0.415	1
652	0.00579	0.683	0.00108	0.78	0.989	1
653	0.0472	0.379	0.748	0.529	0.782	1
654	0.000289	0.771	0.602	0.372	0.949	1
655	0.000183	0.695	0.439	0.424	0.792	1
656	0.000258	0.375	0.694	0.394	0.804	1
657	0.00533	0.421	0.332	0.0951	0.8	1
658	0.0216	0.886	0.0	0.823	0.474	1
659	0.0597	0.65	0.325	0.667	0.985	1
660	0.0155	0.76	0.85	0.294	0.944	1
661	0.0645	0.824	0.0707	0.846	0.883	1
662	0.0553	0.482	2.07e-06	0.222	0.72	1
663	0.00778	0.786	0.0	0.502	0.604	1
664	0.00842	0.853	0.0	0.566	0.578	1
665	0.315	0.794	0.0	0.821	0.82	1
666	0.114	0.725	0.0	0.432	0.661	1
667	0.025	0.854	0.0	0.492	0.46	1
668	0.436	0.862	0.0	0.766	0.364	1
669	0.461	0.432	0.0	0.675	0.703	1
670	0.0235	0.847	0.0	0.338	0.713	1
671	0.444	0.654	0.0	0.464	0.794	1
672	0.000134	0.701	0.000137	0.372	0.914	1
673	0.00264	0.844	0.865	0.635	0.728	1
674	0.155	0.582	0.0	0.67	0.884	1
675	0.0352	0.697	0.0	0.672	0.682	1
676	0.003	0.766	3.49e-05	0.346	0.453	1
677	0.426	0.872	0.000789	0.653	0.541	1
678	0.0152	0.621	0.0	0.524	0.813	1
679	0.311	0.675	0.0	0.508	0.617	1
680	0.104	0.689	0.0376	0.544	0.879	1
681	0.011	0.63	0.082	0.231	0.664	1
682	0.00246	0.514	0.0285	0.551	0.75	1
683	0.0557	0.599	0.00018	0.108	0.677	1
684	0.0281	0.64	8.01e-05	0.664	0.888	1
685	0.475	0.599	0.00153	0.609	0.533	1
686	0.356	0.667	0.00393	0.824	0.901	1
687	0.109	0.742	0.0239	0.687	0.77	1
688	0.0938	0.874	0.0	0.444	0.704	1
689	0.152	0.726	0.683	0.574	0.834	1
690	0.0247	0.834	0.0	0.308	0.732	1
691	0.00469	0.712	0.0412	0.831	0.865	1
692	0.422	0.422	0.0	0.668	0.641	1
693	0.268	0.651	0.0	0.418	0.773	1
694	0.00142	0.728	0.229	0.668	0.77	1
695	0.0296	0.907	0.0265	0.363	0.643	1
696	0.00255	0.855	2.95e-05	0.525	0.898	1
697	0.000901	0.769	0.0	0.323	0.792	1
698	0.00525	0.7	0.0	0.227	0.675	1
699	0.0215	0.825	0.0	0.424	0.489	1
700	0.015	0.607	0.118	0.517	0.913	1
701	0.0193	0.751	0.0	0.657	0.882	1
702	0.32	0.723	0.0	0.261	0.848	1
703	0.00152	0.626	0.0551	0.728	0.888	1
704	0.00723	0.743	0.0	0.398	0.633	1
705	0.224	0.752	0.931	0.564	0.767	1
706	0.000768	0.66	0.0389	0.661	0.763	1
707	0.00144	0.211	0.000732	0.395	0.963	1
708	0.0252	0.528	0.0894	0.428	0.514	1
709	4.91e-05	0.442	0.293	0.274	0.797	1
710	0.0468	0.876	0.000482	0.758	0.716	1
711	0.00174	0.67	0.00168	0.46	0.848	1
712	0.268	0.237	0.843	0.308	0.89	1
713	0.0438	0.59	0.0155	0.663	0.721	1
714	0.000334	0.907	0.425	0.614	0.616	1
715	0.0175	0.764	0.000161	0.404	0.547	1
716	0.0426	0.667	0.00649	0.338	0.465	1
717	0.00349	0.772	2.4e-05	0.287	0.407	1
718	0.717	0.345	0.000822	0.166	0.313	1
719	0.0151	0.502	0.000119	0.529	0.732	1
720	0.03	0.35	0.0	0.107	0.844	1
721	0.344	0.69	0.0	0.821	0.737	1
722	0.278	0.716	1.98e-06	0.915	0.568	1
723	0.591	0.624	7.79e-06	0.62	0.724	1
724	0.189	0.74	0.00128	0.574	0.798	1
725	0.0543	0.81	0.957	0.778	0.949	1
726	0.886	0.574	0.0817	0.226	0.324	1
727	0.076	0.741	4.89e-05	0.31	0.894	1
728	0.00963	0.667	0.000213	0.895	0.848	1
729	0.000195	0.122	0.713	0.0957	0.913	1
730	0.0715	0.869	0.0	0.458	0.712	1
731	0.0246	0.841	0.0	0.291	0.733	1
732	0.0116	0.816	0.0	0.373	0.543	1
733	0.649	0.288	0.712	0.0733	0.394	1
734	0.0392	0.57	0.177	0.039	0.742	1
735	0.00626	0.807	0.0288	0.674	0.634	1
736	0.0086	0.656	0.0923	0.0933	0.787	1
737	0.0152	0.333	0.0	0.338	0.789	1
738	0.064	0.652	2.87e-05	0.488	0.744	1
739	0.000986	0.771	0.0161	0.66	0.857	1
740	0.949	0.619	5.42e-05	0.0968	0.324	1
741	0.000483	0.701	0.00223	0.501	0.829	1
742	0.503	0.683	5.26e-05	0.771	0.478	1
743	0.364	0.507	0.0127	0.559	0.63	1
744	0.514	0.529	0.00821	0.464	0.645	1
745	0.351	0.561	0.0311	0.297	0.329	1
746	0.000294	0.827	0.543	0.341	0.462	1
747	0.134	0.359	0.0	0.296	0.662	1
748	0.00969	0.589	0.00104	0.398	0.621	1
749	7.59e-05	0.597	0.825	0.199	0.839	1
750	0.00778	0.677	0.477	0.912	0.64	1
751	0.0261	0.556	0.0163	0.508	0.722	1
752	0.0416	0.348	0.0	0.261	0.856	1
753	0.00207	0.468	0.00329	0.814	0.971	1
754	0.162	0.529	0.00199	0.456	0.95	1
755	0.0233	0.824	8.19e-06	0.669	0.572	1
756	0.37	0.645	0.0	0.176	0.836	1
757	0.00392	0.683	0.000441	0.593	0.692	1
758	0.14	0.85	0.000893	0.963	0.534	1
759	0.0796	0.868	0.0	0.314	0.627	1
760	0.00135	0.702	0.896	0.583	0.74	1
761	0.858	0.741	0.000522	0.444	0.449	1
762	0.464	0.655	0.877	0.696	0.704	1
763	0.00539	0.749	0.0	0.355	0.857	1
764	0.00011	0.742	0.607	0.391	0.965	1
765	0.000595	0.805	0.889	0.533	0.79	1
766	0.421	0.876	1.16e-06	0.618	0.675	1
767	0.00767	0.541	0.000765	0.721	0.982	1
768	0.112	0.857	0.000157	0.709	0.981	1
769	0.000518	0.771	0.901	0.591	0.963	1
770	0.0235	0.761	0.00972	0.948	0.478	1
771	0.00204	0.805	0.595	0.713	0.879	1
772	0.00118	0.682	0.622	0.324	0.953	1
773	0.000725	0.801	0.91	0.817	0.718	1
774	0.00188	0.661	0.0	0.615	0.837	1
775	0.0454	0.895	0.0	0.696	0.783	1
776	0.548	0.706	0.000313	0.246	0.707	1
777	0.15	0.516	0.0163	0.58	0.718	1
778	0.106	0.653	0.568	0.49	0.781	1
779	0.763	0.707	0.0	0.497	0.709	1
780	0.0505	0.794	1.81e-06	0.189	0.51	1
781	0.394	0.484	0.0	0.282	0.265	1
782	0.000599	0.487	0.0339	0.076	0.68	1
783	0.0126	0.6	0.05	0.372	0.811	1
784	0.713	0.628	0.00233	0.182	0.575	1
785	0.0323	0.227	0.125	0.36	0.635	1
786	0.768	0.275	0.897	0.176	0.216	1
787	0.00416	0.644	0.0168	0.302	0.848	1
788	0.00692	0.564	0.00175	0.695	0.846	1
789	0.712	0.277	0.0459	0.0576	0.29	1
790	0.296	0.609	0.0785	0.416	0.909	1
791	0.000563	0.417	3.31e-06	0.44	0.73	1
792	0.36	0.784	0.000684	0.503	0.649	1
793	0.0674	0.289	0.917	0.302	0.942	1
794	0.00342	0.313	0.0	0.709	0.893	1
795	0.000588	0.803	0.9	0.17	0.769	1
796	0.0421	0.895	9.72e-06	0.961	0.517	1
797	0.0326	0.598	0.00265	0.593	0.885	1
798	0.123	0.749	0.164	0.61	0.855	1
799	0.0625	0.758	0.000144	0.26	0.629	1
800	0.602	0.746	0.00824	0.596	0.484	1
801	0.00234	0.191	0.283	0.313	0.979	1
802	0.0389	0.856	9.03e-06	0.369	0.719	1
803	0.605	0.583	0.000691	0.621	0.515	1
804	0.00042	0.22	0.000541	0.72	0.94	1
805	0.464	0.535	9.32e-05	0.956	0.91	1
806	0.619	0.722	0.0786	0.466	0.28	1
807	0.0758	0.747	0.897	0.57	0.894	1
808	0.565	0.63	0.00146	0.573	0.374	1
809	0.615	0.508	0.0352	0.484	0.247	1
810	0.207	0.54	0.0765	0.411	0.21	1
811	0.114	0.665	0.303	0.0373	0.513	1
812	0.00884	0.51	0.286	0.094	0.603	1
813	0.114	0.665	0.303	0.0373	0.513	1
814	0.000321	0.647	0.833	0.188	0.793	1
815	0.612	0.649	0.0	0.478	0.406	1
816	0.172	0.683	0.000231	0.836	0.805	1
817	0.99	0.148	0.595	0.0638	0.031	1
818	0.227	0.873	0.0	0.647	0.504	1
819	0.00497	0.376	0.149	0.807	0.801	1
820	0.0113	0.523	0.204	0.428	0.863	1
821	0.0226	0.586	0.00827	0.523	0.892	1
822	0.666	0.827	0.443	0.94	0.503	1
823	0.11	0.589	0.204	0.869	0.616	1
824	0.391	0.702	0.8	0.292	0.495	1
825	0.0975	0.582	0.912	0.358	0.875	1
826	0.0169	0.374	2.72e-05	0.422	0.853	1
827	0.0339	0.422	0.0	0.667	0.851	1
828	0.127	0.474	0.0197	0.243	0.837	1
829	0.13	0.61	0.00283	0.925	0.672	1
830	0.597	0.571	0.0108	0.54	0.836	1
831	0.0672	0.802	0.0197	0.68	0.872	1
832	0.218	0.793	4.95e-06	0.16	0.607	1
833	0.0319	0.846	0.0398	0.671	0.472	1
834	0.269	0.575	0.0121	0.901	0.641	1
835	0.000997	0.787	0.811	0.507	0.916	1
836	0.304	0.614	0.0116	0.284	0.575	1
837	0.103	0.835	0.81	0.304	0.481	1
838	0.201	0.696	0.00125	0.971	0.852	1
839	0.611	0.597	0.0	0.767	0.71	1
840	0.0185	0.609	0.0195	0.0944	0.664	1
841	0.737	0.571	0.0281	0.813	0.839	1
842	0.229	0.494	5.69e-05	0.704	0.666	1
843	0.236	0.347	0.0	0.594	0.638	1
844	0.436	0.684	9.77e-05	0.821	0.486	1
845	0.000641	0.787	0.912	0.214	0.679	1
846	0.00254	0.696	0.834	0.537	0.643	1
847	0.0043	0.894	0.348	0.715	0.676	1
848	0.00524	0.81	0.854	0.817	0.547	1
849	0.0263	0.739	0.407	0.855	0.878	1
850	0.000173	0.641	0.425	0.827	0.954	1
851	0.136	0.829	2.15e-05	0.744	0.65	1
852	0.00479	0.777	0.0244	0.482	0.671	1
853	0.271	0.567	0.0	0.598	0.851	1
854	0.934	0.44	0.811	0.217	0.433	1
855	0.813	0.745	0.0	0.776	0.544	1
856	0.00113	0.616	1.67e-06	0.802	0.943	1
857	0.557	0.462	0.000881	0.375	0.714	1
858	0.916	0.334	0.837	0.0549	0.265	1
859	0.00325	0.686	0.000123	0.861	0.61	1
860	0.517	0.691	0.0164	0.96	0.714	1
861	0.292	0.592	0.268	0.927	0.688	1
862	0.0164	0.653	0.0311	0.796	0.875	1
863	0.0314	0.86	0.38	0.826	0.857	1
864	0.0114	0.682	0.735	0.334	0.78	1
865	0.0491	0.703	0.0	0.689	0.464	1
866	0.895	0.444	0.64	0.364	0.412	1
867	0.0624	0.476	0.353	0.419	0.571	1
868	0.000286	0.313	2.26e-05	0.389	0.872	1
869	4.19e-05	0.636	0.887	0.611	0.864	1
870	0.0983	0.632	0.581	0.889	0.586	1
871	0.314	0.43	0.000286	0.0537	0.734	1
872	0.809	0.833	0.0	0.954	0.684	1
873	0.723	0.688	0.625	0.63	0.421	1
874	0.577	0.438	0.759	0.134	0.404	1
875	0.59	0.789	0.802	0.713	0.698	1
876	0.156	0.819	0.000136	0.555	0.671	1
877	0.887	0.366	0.263	0.352	0.407	1
878	0.149	0.71	2.1e-05	0.492	0.959	1
879	0.00727	0.582	0.202	0.638	0.734	1
880	0.349	0.545	2.92e-06	0.685	0.507	1
881	4.61e-06	0.479	5.72e-05	0.55	0.854	1
882	0.0175	0.564	0.0	0.231	0.737	1
883	0.198	0.89	0.273	0.717	0.52	1
884	0.00543	0.363	0.00105	0.736	0.755	1
885	0.101	0.867	0.683	0.696	0.669	1
886	0.612	0.59	0.000162	0.262	0.578	1
887	0.000825	0.832	0.825	0.854	0.496	1
888	0.478	0.839	0.00281	0.894	0.585	1
889	0.0716	0.447	0.00426	0.309	0.416	1
890	0.0328	0.598	2.72e-05	0.2	0.657	1
891	0.0664	0.643	0.884	0.658	0.889	1
892	0.00324	0.746	0.672	0.627	0.613	1
893	0.000624	0.906	0.0857	0.646	0.648	1
894	0.000334	0.907	0.425	0.614	0.616	1
895	0.331	0.578	0.0	0.635	0.633	1
896	0.00431	0.808	0.598	0.69	0.916	1
897	0.0252	0.745	0.878	0.49	0.894	1
898	0.0125	0.634	0.84	0.233	0.858	1
899	0.198	0.603	0.00035	0.814	0.921	1
900	0.00166	0.587	0.53	0.696	0.841	1
901	0.0289	0.93	0.00244	0.577	0.483	1
902	0.0124	0.585	0.0164	0.715	0.62	1
903	0.0245	0.803	0.405	0.451	0.427	1
904	0.411	0.757	0.00221	0.787	0.868	1
905	0.157	0.729	0.285	0.909	0.818	1
906	2.6e-05	0.76	0.076	0.683	0.669	1
907	0.000885	0.79	0.446	0.961	0.427	1
908	0.207	0.786	0.0012	0.9	0.963	1
909	0.242	0.708	0.000147	0.717	0.441	1
910	0.643	0.729	0.135	0.872	0.666	1
911	0.312	0.76	0.534	0.682	0.636	1
912	0.847	0.661	0.334	0.975	0.76	1
913	0.00428	0.704	0.28	0.865	0.895	1
914	0.0154	0.606	0.905	0.82	0.913	1
915	0.00207	0.587	0.579	0.539	0.915	1
916	0.16	0.66	0.848	0.835	0.591	1
917	0.000779	0.34	0.0188	0.39	0.454	1
918	0.0476	0.723	0.00147	0.573	0.755	1
919	0.717	0.285	0.0	0.48	0.512	1
920	0.218	0.63	0.0527	0.698	0.862	1
921	0.783	0.418	6.61e-05	0.342	0.0962	1
922	0.087	0.529	6.34e-06	0.104	0.571	1
923	0.0112	0.465	0.802	0.47	0.727	1
924	0.0133	0.69	0.907	0.62	0.911	1
925	0.0044	0.449	0.897	0.296	0.962	1
926	0.9	0.582	0.538	0.414	0.401	1
927	0.934	0.44	0.811	0.217	0.433	1
928	0.0395	0.669	0.406	0.921	0.904	1
929	0.189	0.622	0.0124	0.576	0.752	1
930	6.89e-05	0.286	0.034	0.185	0.704	1
931	0.0552	0.373	0.0	0.357	0.63	1
932	0.136	0.906	6.44e-05	0.68	0.444	1
933	0.00134	0.789	1.39e-06	0.562	0.682	1
934	0.155	0.822	0.000632	0.608	0.863	1
935	0.0599	0.756	0.000562	0.426	0.853	1
936	0.189	0.555	0.459	0.23	0.759	1
937	0.0633	0.897	0.0	0.204	0.661	1
938	0.56	0.654	0.907	0.124	0.499	1
939	0.0442	0.679	0.793	0.289	0.462	1
940	0.0004	0.804	0.935	0.0451	0.64	1
941	0.078	0.815	0.826	0.616	0.459	1
942	1.65e-05	0.499	0.941	0.367	0.506	1
943	0.0423	0.84	0.613	0.468	0.918	1
944	0.0109	0.816	0.756	0.144	0.747	1
945	0.016	0.646	0.0243	0.635	0.757	1
946	0.028	0.658	0.00356	0.881	0.568	1
947	0.00159	0.865	0.428	0.595	0.603	1
948	0.003	0.754	0.795	0.55	0.968	1
949	0.0372	0.89	0.385	0.195	0.443	1
950	0.514	0.731	0.332	0.33	0.638	1
951	0.109	0.748	0.0	0.194	0.623	1
952	0.758	0.744	0.0	0.775	0.555	1
953	0.34	0.77	0.0	0.869	0.409	1
954	0.269	0.663	8.81e-05	0.899	0.602	1
955	0.411	0.236	5.43e-06	0.313	0.706	1
956	0.666	0.354	0.0	0.561	0.366	1
957	0.517	0.367	0.0	0.255	0.215	1
958	0.00594	0.58	0.00163	0.285	0.859	1
959	0.0173	0.916	1.11e-06	0.467	0.571	1
960	0.0681	0.767	0.91	0.578	0.686	1
961	0.0853	0.864	0.778	0.74	0.552	1
962	0.661	0.457	1.54e-06	0.844	0.909	1
963	0.543	0.785	0.291	0.806	0.796	1
964	0.211	0.418	0.0443	0.127	0.547	1
965	0.0378	0.81	1.82e-06	0.86	0.793	1
966	0.0159	0.588	0.0	0.0602	0.596	1
967	0.0384	0.841	0.0	0.43	0.729	1
968	0.000954	0.775	0.0	0.288	0.823	1
969	0.147	0.85	0.0	0.769	0.509	1
970	0.00444	0.413	0.0	0.184	0.633	1
971	0.222	0.76	0.0	0.57	0.79	1
972	0.0745	0.409	0.00523	0.354	0.532	1
973	0.957	0.342	0.114	0.329	0.159	1
974	0.0475	0.606	0.0	0.325	0.503	1
975	0.00369	0.647	0.00641	0.438	0.762	1
976	0.0216	0.709	0.0125	0.106	0.669	1
977	0.156	0.378	0.152	0.332	0.572	1
978	0.112	0.555	0.00319	0.544	0.699	1
979	0.382	0.735	0.856	0.535	0.555	1
980	0.0564	0.607	0.0178	0.255	0.435	1
981	0.0369	0.448	0.0425	0.404	0.733	1
982	0.655	0.507	0.363	0.0978	0.466	1
983	0.138	0.667	0.00685	0.36	0.658	1
984	0.345	0.855	0.0573	0.676	0.605	1
985	0.2	0.739	0.824	0.782	0.848	1
986	0.0739	0.833	0.00351	0.457	0.663	1
987	0.00535	0.654	0.00321	0.778	0.641	1
988	0.208	0.514	0.0132	0.31	0.632	1
989	0.0019	0.468	0.00704	0.645	0.88	1
990	0.135	0.756	0.0	0.662	0.415	1
991	0.0208	0.869	1e-06	0.668	0.687	1
992	0.144	0.709	0.000101	0.505	0.412	1
993	0.0559	0.521	0.0	0.825	0.851	1
994	0.0852	0.858	0.0	0.658	0.789	1
995	4.69e-06	0.566	0.309	0.656	0.869	1
996	0.148	0.701	0.625	0.794	0.788	1
997	0.374	0.772	2.44e-06	0.557	0.612	1
998	0.142	0.714	1.25e-06	0.429	0.566	1
999	0.0313	0.515	0.0	0.617	0.902	1
1000	0.00531	0.859	0.000124	0.628	0.624	1
1001	0.0381	0.709	0.0	0.474	0.797	1
1002	0.102	0.699	0.0	0.412	0.724	1
1003	0.377	0.497	0.0	0.382	0.734	1
1004	0.0669	0.832	0.0	0.583	0.854	1
1005	0.285	0.88	7.66e-05	0.761	0.697	1
1006	0.289	0.506	0.0139	0.294	0.43	1
1007	0.202	0.732	0.0	0.713	0.974	1
1008	0.671	0.539	0.0	0.645	0.74	1
1009	0.352	0.494	0.0	0.884	0.78	1
1010	0.00298	0.545	0.00117	0.681	0.904	1
1011	0.397	0.739	0.0	0.357	0.665	1
1012	0.134	0.603	0.0	0.311	0.64	1
1013	0.0641	0.667	4e-06	0.661	0.673	1
1014	0.375	0.561	0.0	0.683	0.588	1
1015	0.258	0.812	0.0	0.851	0.937	1
1016	0.0103	0.745	4.2e-06	0.374	0.822	1
1017	0.329	0.673	0.0	0.364	0.922	1
1018	0.35	0.794	0.0	0.73	0.801	1
1019	0.1	0.575	0.0	0.822	0.723	1
1020	0.819	0.64	3.63e-05	0.273	0.196	0
1021	0.0677	0.587	1.88e-06	0.65	0.628	0
1022	0.013	0.631	0.0	0.637	0.716	0
1023	0.231	0.589	0.0	0.464	0.809	0
1024	0.000907	0.612	0.0	0.502	0.841	0
1025	0.01	0.553	0.0	0.574	0.743	0
1026	0.0538	0.548	8.22e-06	0.694	0.877	0
1027	0.151	0.528	3e-05	0.797	0.842	0
1028	0.27	0.663	0.000279	0.555	0.656	0
1029	0.0549	0.53	0.0	0.703	0.809	0
1030	0.0966	0.525	0.0	0.313	0.657	0
1031	0.0244	0.553	0.0	0.702	0.747	0
1032	0.0102	0.533	0.0	0.481	0.91	0
1033	0.148	0.726	0.000433	0.666	0.595	0
1034	0.00733	0.584	0.0	0.527	0.716	0
1035	0.0165	0.443	2.89e-06	0.437	0.804	0
1036	0.124	0.521	0.000219	0.549	0.805	0
1037	0.661	0.476	0.0	0.205	0.527	0
1038	0.0159	0.591	0.0	0.52	0.577	0
1039	0.335	0.5	0.0	0.293	0.622	0
1040	0.234	0.674	7.98e-05	0.962	0.706	0
1041	0.144	0.631	0.0	0.692	0.658	0
1042	0.0494	0.562	0.0	0.466	0.94	0
1043	0.214	0.638	0.0	0.445	0.634	0
1044	0.733	0.409	0.0	0.421	0.645	0
1045	0.0968	0.434	0.0	0.478	0.664	0
1046	0.333	0.439	0.0	0.688	0.802	0
1047	0.0915	0.533	0.0	0.506	0.533	0
1048	0.0207	0.434	0.00209	0.426	0.921	0
1049	0.0558	0.523	6.96e-06	0.52	0.725	0
1050	0.00898	0.612	0.0	0.675	0.799	0
1051	0.0993	0.51	0.0	0.542	0.904	0
1052	0.424	0.55	0.0	0.462	0.774	0
1053	0.397	0.596	0.0	0.381	0.544	0
1054	0.0166	0.622	0.000875	0.585	0.745	0
1055	0.0344	0.659	0.00121	0.949	0.926	0
1056	0.00566	0.479	0.0	0.759	0.86	0
1057	0.186	0.56	0.0	0.466	0.78	0
1058	0.0179	0.512	0.0	0.313	0.587	0
1059	0.0292	0.403	0.0	0.634	0.745	0
1060	0.312	0.536	0.0	0.472	0.722	0
1061	0.116	0.685	0.0	0.532	0.783	0
1062	0.638	0.71	0.0	0.52	0.498	0
1063	0.463	0.731	1.04e-06	0.618	0.469	0
1064	0.208	0.501	0.0	0.627	0.836	0
1065	0.861	0.425	0.0148	0.297	0.372	0
1066	0.0209	0.458	0.0	0.709	0.894	0
1067	0.0406	0.488	0.0	0.637	0.915	0
1068	0.422	0.482	1.87e-05	0.596	0.739	0
1069	0.0527	0.442	0.0	0.554	0.784	0
1070	0.00434	0.555	0.0	0.558	0.896	0
1071	0.0551	0.41	0.0	0.592	0.738	0
1072	0.273	0.507	0.0567	0.492	0.81	0
1073	0.129	0.69	0.0	0.652	0.626	0
1074	0.865	0.641	4.08e-06	0.289	0.0628	0
1075	0.279	0.655	0.0	0.931	0.785	0
1076	0.2	0.529	0.0	0.343	0.803	0
1077	0.0304	0.681	0.0	0.761	0.845	0
1078	0.229	0.694	0.0	0.826	0.815	0
1079	0.231	0.755	0.0	0.734	0.789	0
1080	0.0744	0.684	0.0	0.645	0.823	0
1081	0.0258	0.746	0.0	0.471	0.794	0
1082	0.243	0.683	0.0	0.746	0.691	0
1083	0.0245	0.747	4.46e-05	0.746	0.864	0
1084	0.286	0.706	0.0	0.42	0.689	0
1085	0.168	0.859	4.65e-05	0.913	0.756	0
1086	0.0277	0.489	6.18e-06	0.507	0.962	0
1087	0.154	0.889	0.000107	0.916	0.853	0
1088	0.0559	0.832	0.000486	0.714	0.772	0
1089	0.116	0.685	0.0	0.886	0.859	0
1090	0.27	0.639	0.0	0.766	0.869	0
1091	0.209	0.66	0.0	0.849	0.786	0
1092	0.4	0.761	0.0	0.717	0.838	0
1093	0.0309	0.792	0.0	0.45	0.819	0
1094	0.547	0.76	1.3e-06	0.74	0.838	0
1095	0.211	0.711	0.000198	0.929	0.875	0
1096	0.205	0.735	0.000194	0.783	0.482	0
1097	0.00431	0.663	1.69e-05	0.521	0.92	0
1098	0.551	0.508	3.41e-06	0.565	0.687	0
1099	0.0897	0.745	0.0	0.645	0.921	0
1100	0.256	0.772	0.0	0.679	0.909	0
1101	0.125	0.761	2.1e-05	0.619	0.82	0
1102	0.167	0.761	0.0	0.82	0.829	0
1103	0.142	0.776	0.0	0.646	0.669	0
1104	0.204	0.685	0.0	0.776	0.731	0
1105	0.053	0.724	0.0	0.833	0.84	0
1106	0.206	0.746	1.84e-06	0.954	0.961	0
1107	0.163	0.817	0.00226	0.56	0.869	0
1108	0.0998	0.721	0.0	0.828	0.687	0
1109	0.39	0.732	0.0	0.818	0.801	0
1110	0.245	0.682	0.0	0.772	0.858	0
1111	0.132	0.73	0.0	0.789	0.701	0
1112	0.0786	0.724	0.0	0.851	0.904	0
1113	0.0244	0.68	0.0	0.524	0.954	0
1114	0.0724	0.827	0.0	0.51	0.646	0
1115	0.282	0.832	0.0	0.579	0.608	0
1116	0.163	0.688	0.0	0.589	0.719	0
1117	0.076	0.899	0.0	0.871	0.626	0
1118	0.0345	0.724	0.0	0.495	0.809	0
1119	0.0685	0.712	7.87e-05	0.656	0.841	0
1120	0.113	0.801	0.00424	0.938	0.822	0
1121	0.0869	0.49	0.0	0.656	0.894	0
1122	0.234	0.768	0.0	0.8	0.742	0
1123	0.0821	0.725	0.0	0.476	0.711	0
1124	0.803	0.612	3.29e-05	0.813	0.57	0
1125	0.189	0.67	0.0	0.794	0.679	0
1126	0.0525	0.779	0.0	0.924	0.659	0
1127	0.051	0.712	0.0	0.84	0.901	0
1128	0.0983	0.648	0.001	0.301	0.833	0
1129	0.00898	0.499	0.0	0.692	0.824	0
1130	0.004	0.385	0.0	0.548	0.866	0
1131	0.0313	0.561	2.34e-05	0.562	0.927	0
1132	0.00139	0.613	1.82e-06	0.532	0.874	0
1133	0.119	0.623	0.000227	0.718	0.956	0
1134	0.00494	0.616	0.0	0.531	0.961	0
1135	0.000965	0.607	0.0	0.376	0.889	0
1136	0.177	0.95	0.0	0.741	0.412	0
1137	0.222	0.63	0.0	0.814	0.815	0
1138	0.00593	0.608	0.0573	0.25	0.841	0
1139	0.0969	0.774	3.12e-05	0.758	0.626	0
1140	0.381	0.857	0.0	0.965	0.8	0
1141	0.102	0.44	1.7e-05	0.125	0.413	0
1142	0.0745	0.696	0.0	0.539	0.503	0
1143	0.197	0.633	0.0	0.643	0.592	0
1144	0.062	0.711	0.0	0.483	0.722	0
1145	0.0485	0.76	0.0	0.384	0.588	0
1146	0.0577	0.565	4.16e-05	0.392	0.782	0
1147	0.238	0.457	0.0	0.535	0.627	0
1148	0.56	0.622	0.0	0.361	0.593	0
1149	0.15	0.703	0.132	0.732	0.868	0
1150	0.115	0.66	1.59e-06	0.485	0.575	0
1151	0.0575	0.741	0.0	0.609	0.667	0
1152	0.0133	0.726	0.0	0.874	0.429	0
1153	0.0283	0.656	0.0	0.364	0.615	0
1154	0.00464	0.565	0.0	0.551	0.771	0
1155	0.97	0.549	0.132	0.117	0.371	0
1156	0.45	0.754	6.67e-05	0.673	0.762	0
1157	0.00728	0.741	0.000971	0.441	0.559	0
1158	0.549	0.87	0.00356	0.676	0.502	0
1159	0.281	0.718	3.29e-05	0.47	0.609	0
1160	0.00411	0.624	0.0	0.536	0.806	0
1161	0.0293	0.726	0.0101	0.75	0.769	0
1162	0.000339	0.905	2.05e-05	0.419	0.596	0
1163	0.00517	0.747	1.48e-05	0.16	0.592	0
1164	0.075	0.696	0.0	0.779	0.817	0
1165	0.0355	0.673	0.0	0.568	0.676	0
1166	0.032	0.607	0.0	0.521	0.718	0
1167	0.0303	0.415	7.64e-06	0.0951	0.369	0
1168	0.0905	0.648	0.0	0.497	0.532	0
1169	0.128	0.747	0.0	0.537	0.799	0
1170	0.238	0.76	8.09e-06	0.157	0.303	0
1171	0.401	0.763	1.16e-05	0.608	0.671	0
1172	0.0235	0.667	1.52e-05	0.585	0.648	0
1173	0.0102	0.833	0.0219	0.286	0.434	0
1174	0.122	0.803	5.81e-05	0.54	0.793	0
1175	0.0275	0.516	0.0	0.209	0.595	0
1176	0.00246	0.532	0.000111	0.242	0.778	0
1177	0.416	0.704	0.0	0.45	0.423	0
1178	0.013	0.853	0.0	0.853	0.56	0
1179	0.0561	0.623	0.0	0.371	0.656	0
1180	0.131	0.748	0.0	0.513	0.627	0
1181	0.33	0.736	0.000162	0.322	0.449	0
1182	0.0895	0.584	0.0	0.19	0.54	0
1183	0.304	0.804	0.0862	0.372	0.459	0
1184	0.581	0.825	0.0	0.933	0.652	0
1185	0.0991	0.608	0.0	0.441	0.86	0
1186	0.167	0.748	0.0	0.68	0.727	0
1187	0.0656	0.828	0.000876	0.446	0.433	0
1188	0.0921	0.72	0.0	0.716	0.802	0
1189	0.0319	0.646	0.0	0.791	0.795	0
1190	0.0643	0.755	1.59e-05	0.454	0.838	0
1191	0.00622	0.75	0.0	0.819	0.78	0
1192	0.0567	0.467	0.0	0.304	0.564	0
1193	0.11	0.66	0.0	0.376	0.867	0
1194	0.555	0.635	0.0	0.63	0.691	0
1195	0.071	0.375	0.0	0.472	0.862	0
1196	0.00738	0.352	0.0	0.716	0.843	0
1197	0.039	0.673	0.0	0.541	0.758	0
1198	0.0295	0.581	0.0	0.792	0.963	0
1199	0.0384	0.72	0.0	0.767	0.791	0
1200	0.069	0.599	0.137	0.254	0.803	0
1201	0.0181	0.62	0.0	0.769	0.869	0
1202	0.000704	0.657	0.00534	0.698	0.827	0
1203	0.0525	0.715	0.0	0.557	0.655	0
1204	0.0514	0.786	0.0	0.602	0.857	0
1205	0.0746	0.755	1.27e-06	0.719	0.832	0
1206	0.0715	0.859	0.0	0.875	0.697	0
1207	0.112	0.612	0.0	0.441	0.84	0
1208	0.0762	0.809	0.000371	0.797	0.628	0
1209	0.000979	0.842	1.34e-05	0.758	0.531	0
1210	0.0183	0.745	0.0	0.847	0.714	0
1211	0.162	0.725	2.13e-06	0.753	0.68	0
1212	0.0117	0.579	0.0	0.561	0.821	0
1213	0.0649	0.663	0.0	0.471	0.714	0
1214	0.00107	0.818	0.128	0.0953	0.799	0
1215	0.0378	0.81	1.82e-06	0.86	0.793	0
1216	0.0533	0.441	3.7e-06	0.281	0.87	0
1217	0.0215	0.688	0.0	0.731	0.702	0
1218	0.219	0.427	0.0	0.581	0.861	0
1219	0.0196	0.592	0.0	0.73	0.752	0
1220	0.403	0.753	0.0	0.787	0.801	0
1221	0.186	0.548	0.000263	0.428	0.532	0
1222	0.00901	0.635	0.00799	0.422	0.983	0
1223	0.0431	0.697	1.25e-05	0.289	0.527	0
1224	0.0208	0.583	0.0	0.556	0.786	0
1225	0.00373	0.862	6.14e-06	0.825	0.608	0
1226	0.119	0.68	2.86e-05	0.261	0.489	0
1227	0.161	0.772	0.0	0.744	0.648	0
1228	0.0532	0.709	5.15e-05	0.78	0.697	0
1229	0.455	0.627	0.0	0.488	0.56	0
1230	0.0394	0.567	0.0	0.381	0.678	0
1231	0.0495	0.547	0.0	0.262	0.513	0
1232	0.379	0.335	2.67e-05	0.13	0.582	0
1233	0.0363	0.468	0.0	0.479	0.786	0
1234	0.648	0.322	0.00297	0.191	0.508	0
1235	0.766	0.486	0.0	0.421	0.331	0
1236	0.0189	0.475	0.0	0.382	0.672	0
1237	0.912	0.361	7.79e-05	0.184	0.236	0
1238	0.447	0.519	0.0	0.293	0.684	0
1239	0.0353	0.576	6.68e-05	0.599	0.686	0
1240	0.0342	0.511	0.0	0.245	0.815	0
1241	0.0164	0.526	0.0	0.266	0.692	0
1242	0.0176	0.621	0.0	0.255	0.674	0
1243	0.117	0.673	0.0	0.638	0.813	0
1244	0.28	0.555	0.0	0.295	0.663	0
1245	0.379	0.534	0.0	0.407	0.508	0
1246	0.199	0.422	0.0	0.0974	0.336	0
1247	0.568	0.448	5.68e-05	0.308	0.412	0
1248	0.498	0.331	0.0	0.129	0.427	0
1249	0.0229	0.385	0.0	0.237	0.663	0
1250	0.0141	0.447	0.0	0.331	0.89	0
1251	0.0107	0.619	0.0	0.507	0.733	0
1252	0.202	0.497	0.0	0.225	0.604	0
1253	0.587	0.464	5.64e-06	0.209	0.225	0
1254	0.0298	0.306	0.0	0.149	0.742	0
1255	0.149	0.536	0.0	0.326	0.711	0
1256	0.000767	0.429	5.14e-05	0.233	0.636	0
1257	0.627	0.295	0.0	0.136	0.326	0
1258	0.0218	0.534	0.0	0.783	0.933	0
1259	0.104	0.475	0.0	0.729	0.92	0
1260	0.415	0.436	2.46e-06	0.352	0.618	0
1261	0.0458	0.704	0.0	0.96	0.928	0
1262	0.0166	0.543	0.0	0.728	0.944	0
1263	0.0108	0.534	0.0	0.435	0.862	0
1264	0.85	0.227	0.0	0.225	0.309	0
1265	0.193	0.732	1.25e-06	0.637	0.606	0
1266	0.322	0.659	0.0	0.961	0.848	0
1267	0.298	0.588	0.0	0.492	0.58	0
1268	0.0875	0.353	0.0	0.308	0.87	0
1269	0.225	0.696	2.22e-06	0.368	0.713	0
1270	0.00532	0.529	0.0	0.648	0.769	0
1271	0.000774	0.525	0.0	0.286	0.657	0
1272	0.187	0.423	0.0	0.0968	0.502	0
1273	0.00497	0.574	0.0	0.52	0.802	0
1274	0.000619	0.388	0.0	0.128	0.542	0
1275	0.0643	0.519	0.0	0.603	0.907	0
1276	0.00687	0.688	0.0	0.841	0.843	0
1277	0.807	0.569	9.35e-06	0.308	0.484	0
1278	0.0024	0.547	1.24e-06	0.179	0.511	0
1279	0.0198	0.511	0.0	0.544	0.831	0
1280	0.000937	0.676	8.94e-05	0.0484	0.79	0
1281	0.0646	0.587	0.0	0.593	0.791	0
1282	0.183	0.389	0.0	0.0963	0.525	0
1283	0.105	0.528	0.0	0.113	0.59	0
1284	0.0326	0.37	0.0	0.117	0.723	0
1285	0.0919	0.301	0.0	0.208	0.762	0
1286	0.0839	0.459	0.0	0.298	0.561	0
1287	0.0793	0.545	0.0	0.416	0.576	0
1288	0.471	0.495	0.0	0.332	0.71	0
1289	0.0832	0.492	0.0	0.336	0.656	0
1290	0.0551	0.401	0.0	0.171	0.7	0
1291	0.00392	0.436	1.12e-06	0.314	0.836	0
1292	0.0101	0.674	0.0	0.558	0.895	0
1293	0.133	0.566	0.0	0.393	0.766	0
1294	0.157	0.211	0.0	0.289	0.649	0
1295	0.196	0.305	0.0	0.547	0.726	0
1296	0.000127	0.237	0.0914	0.169	0.99	0
1297	1.51e-05	0.455	0.0012	0.0703	0.994	0
1298	7.94e-06	0.236	0.874	0.129	0.981	0
1299	0.00256	0.468	0.0	0.064	0.998	0
1300	0.000102	0.476	0.106	0.451	0.962	0
1301	8.35e-06	0.226	0.0379	0.323	0.553	0
1302	0.00105	0.495	0.0551	0.362	0.955	0
1303	5.83e-05	0.296	0.146	0.231	0.983	0
1304	1.84e-05	0.474	0.901	0.142	0.925	0
1305	0.000168	0.406	0.242	0.26	0.936	0
1306	8.12e-05	0.173	0.23	0.183	0.927	0
1307	1.01e-05	0.404	0.556	0.153	0.989	0
1308	0.000393	0.456	0.0432	0.0399	0.97	0
1309	0.0147	0.242	0.0562	0.199	0.96	0
1310	4.42e-05	0.472	0.823	0.186	0.942	0
1311	2.95e-05	0.227	0.792	0.116	0.921	0
1312	5.73e-05	0.444	0.00704	0.292	0.943	0
1313	8.53e-05	0.17	0.976	0.11	0.866	0
1314	4.19e-05	0.276	0.181	0.149	0.919	0
1315	6.49e-05	0.401	0.116	0.191	0.988	0
1316	7.53e-05	0.398	0.0076	0.245	0.974	0
1317	0.000696	0.566	0.0164	0.15	0.986	0
1318	0.000103	0.39	0.941	0.102	0.978	0
1319	2.67e-05	0.336	0.00362	0.131	0.983	0
1320	0.00545	0.48	0.283	0.146	0.984	0
1321	0.000273	0.285	0.797	0.201	0.989	0
1322	4.95e-05	0.428	0.955	0.0533	0.997	0
1323	0.000283	0.256	0.0196	0.11	0.98	0
1324	0.000102	0.491	0.363	0.14	0.928	0
1325	0.000673	0.274	0.156	0.102	0.925	0
1326	0.00125	0.217	0.00139	0.0658	0.98	0
1327	4.58e-05	0.261	7.33e-06	0.316	0.863	0
1328	1.35e-05	0.517	1.44e-05	0.194	0.991	0
1329	0.000482	0.258	0.000489	0.16	0.905	0
1330	1.2e-05	0.484	0.188	0.165	0.98	0
1331	6.56e-05	0.387	0.226	0.0536	0.967	0
1332	0.00029	0.424	2.13e-05	0.0914	0.992	0
1333	0.000111	0.45	0.251	0.172	0.986	0
1334	2.13e-05	0.222	0.00644	0.16	0.985	0
1335	5.4e-05	0.455	0.00193	0.448	0.973	0
1336	0.000123	0.398	0.458	0.134	0.955	0
1337	8.8e-06	0.399	0.358	0.254	0.877	0
1338	3.28e-05	0.401	0.753	0.372	0.921	0
1339	1.94e-05	0.209	0.0118	0.114	0.955	0
1340	1.56e-05	0.493	0.00733	0.17	0.964	0
1341	0.00115	0.339	1.56e-05	0.273	0.958	0
1342	5.32e-05	0.458	8.97e-05	0.154	0.957	0
1343	1.45e-05	0.263	0.876	0.251	0.896	0
1344	0.00192	0.482	0.000454	0.245	0.968	0
1345	2.21e-05	0.379	0.877	0.156	0.979	0
1346	2.05e-05	0.535	0.000149	0.431	0.974	0
1347	1.69e-05	0.329	0.641	0.372	0.993	0
1348	4.55e-05	0.162	0.867	0.119	0.957	0
1349	5.41e-06	0.389	0.954	0.0637	0.985	0
1350	0.00631	0.636	4.14e-05	0.334	0.802	0
1351	0.0145	0.716	3.22e-05	0.566	0.972	0
1352	0.0049	0.596	0.00019	0.232	0.921	0
1353	0.00075	0.616	0.0777	0.332	0.946	0
1354	0.0106	0.633	0.54	0.493	0.926	0
1355	0.0012	0.605	0.000596	0.22	0.92	0
1356	0.654	0.176	0.591	0.0622	0.479	0
1357	0.218	0.385	1.57e-06	0.0703	0.404	0
1358	0.328	0.68	0.0	0.396	0.593	0
1359	0.0171	0.726	0.00106	0.531	0.889	0
1360	0.773	0.741	2.84e-06	0.198	0.219	0
1361	0.498	0.587	0.000663	0.431	0.554	0
1362	2.54e-05	0.321	0.235	0.174	0.751	0
1363	0.263	0.697	0.0	0.275	0.692	0
1364	0.712	0.483	0.0	0.519	0.524	0
1365	0.285	0.498	0.0	0.261	0.436	0
1366	0.0262	0.635	0.00337	0.493	0.575	0
1367	0.364	0.819	0.0313	0.93	0.677	0
1368	0.564	0.676	0.000142	0.327	0.508	0
1369	0.873	0.657	0.0	0.24	0.427	0
1370	0.0989	0.483	0.000409	0.223	0.747	0
1371	0.264	0.62	0.0	0.572	0.529	0
1372	0.669	0.751	3.57e-06	0.468	0.489	0
1373	0.765	0.767	0.000727	0.375	0.445	0
1374	0.164	0.844	0.0	0.575	0.32	0
1375	0.253	0.743	0.00267	0.397	0.886	0
1376	0.107	0.54	0.000811	0.655	0.408	0
1377	0.224	0.657	0.00432	0.184	0.536	0
1378	0.532	0.549	3.44e-05	0.621	0.451	0
1379	0.859	0.762	0.0	0.286	0.277	0
1380	0.837	0.214	9.66e-05	0.267	0.484	0
1381	0.0219	0.63	0.00108	0.881	0.684	0
1382	0.806	0.35	4.37e-06	0.241	0.347	0
1383	0.439	0.892	0.0	0.729	0.443	0
1384	0.881	0.764	3.34e-05	0.569	0.177	0
1385	0.0117	0.432	2.88e-05	0.334	0.761	0
1386	0.423	0.7	1.72e-06	0.283	0.425	0
1387	0.00922	0.453	5.11e-05	0.0827	0.678	0
1388	0.414	0.574	0.000213	0.125	0.51	0
1389	0.705	0.894	0.0033	0.818	0.161	0
1390	0.368	0.717	1.93e-05	0.825	0.844	0
1391	0.289	0.712	0.0	0.718	0.625	0
1392	0.138	0.768	0.00128	0.692	0.743	0
1393	0.909	0.489	0.0	0.625	0.173	0
1394	0.508	0.597	0.0	0.516	0.575	0
1395	0.772	0.598	4.91e-06	0.377	0.515	0
1396	0.286	0.616	0.0	0.47	0.387	0
1397	0.0805	0.766	0.765	0.378	0.602	0
1398	0.804	0.792	1.3e-05	0.33	0.15	0
1399	0.805	0.709	0.0	0.584	0.29	0
1400	0.858	0.679	0.000102	0.114	0.126	0
1401	0.175	0.581	5.57e-05	0.506	0.312	0
1402	0.578	0.652	7.49e-06	0.284	0.512	0
1403	0.654	0.73	7.51e-05	0.401	0.418	0
1404	0.663	0.719	0.000886	0.354	0.478	0
1405	0.827	0.524	0.0	0.296	0.392	0
1406	0.503	0.41	0.0	0.342	0.648	0
1407	0.947	0.483	0.0	0.162	0.199	0
1408	0.461	0.59	0.0562	0.731	0.568	0
1409	0.302	0.696	0.0	0.471	0.521	0
1410	0.0752	0.504	0.0	0.564	0.705	0
1411	0.358	0.894	0.000487	0.413	0.284	0
1412	0.361	0.653	0.00012	0.181	0.409	0
1413	0.331	0.889	8.67e-06	0.31	0.393	0
1414	0.0451	0.592	0.0	0.299	0.701	0
1415	0.0242	0.589	0.0	0.254	0.658	0
1416	0.00375	0.7	0.0	0.513	0.693	0
1417	0.0415	0.37	0.0	0.334	0.87	0
1418	0.214	0.523	0.0	0.312	0.783	0
1419	0.00895	0.434	0.0	0.393	0.785	0
1420	0.0123	0.481	0.0	0.399	0.716	0
1421	0.00612	0.729	0.0	0.35	0.838	0
1422	0.00589	0.662	0.0	0.448	0.808	0
1423	0.00184	0.541	0.0	0.298	0.609	0
1424	0.0084	0.629	0.0	0.159	0.7	0
1425	0.0273	0.501	0.0	0.615	0.775	0
1426	0.00755	0.54	0.0	0.516	0.82	0
1427	0.0171	0.801	0.000946	0.703	0.642	0
1428	0.033	0.707	0.205	0.403	0.929	0
1429	0.306	0.696	7.72e-06	0.16	0.795	0
1430	0.00551	0.562	0.805	0.679	0.885	0
1431	0.0171	0.47	0.143	0.335	0.863	0
1432	0.0227	0.726	0.379	0.706	0.929	0
1433	0.00121	0.984	0.0539	0.331	0.941	0
1434	0.135	0.72	0.812	0.323	0.643	0
1435	0.00613	0.473	0.00023	0.278	0.885	0
1436	0.00101	0.466	0.0	0.598	0.943	0
1437	0.588	0.614	0.0	0.554	0.792	0
1438	0.00433	0.775	0.346	0.682	0.883	0
1439	0.0362	0.67	0.881	0.0348	0.792	0
1440	0.643	0.549	1.38e-06	0.523	0.816	0
1441	0.00145	0.715	0.468	0.307	0.964	0
1442	0.0771	0.466	2.89e-06	0.353	0.849	0
1443	0.000679	0.503	0.542	0.615	0.989	0
1444	0.00518	0.718	0.477	0.328	0.944	0
1445	0.0987	0.443	9.35e-06	0.423	0.727	0
1446	0.00576	0.396	0.000424	0.122	0.821	0
1447	0.044	0.597	2.96e-05	0.479	0.832	0
1448	0.291	0.675	0.00724	0.428	0.929	0
1449	0.0256	0.559	2.61e-06	0.474	0.854	0
1450	0.0235	0.714	0.00697	0.692	0.851	0
1451	0.325	0.531	0.0	0.454	0.769	0
1452	0.149	0.738	0.00157	0.401	0.646	0
1453	0.0214	0.587	0.698	0.201	0.772	0
1454	0.316	0.519	0.0	0.629	0.829	0
1455	0.139	0.718	0.00103	0.304	0.89	0
1456	0.474	0.871	0.852	0.639	0.893	0
1457	0.108	0.641	0.0	0.174	0.676	0
1458	0.265	0.677	0.0	0.335	0.778	0
1459	0.158	0.633	0.0159	0.111	0.964	0
1460	0.0144	0.529	0.000255	0.403	0.739	0
1461	0.282	0.738	0.000543	0.53	0.818	0
1462	0.0238	0.303	3.84e-05	0.564	0.879	0
1463	0.128	0.617	0.00438	0.225	0.524	0
1464	0.056	0.164	0.0617	0.196	0.878	0
1465	0.00129	0.823	0.0494	0.473	0.815	0
1466	0.0165	0.597	0.145	0.206	0.952	0
1467	0.0705	0.71	0.0	0.579	0.884	0
1468	0.00931	0.715	0.109	0.679	0.989	0
1469	0.0126	0.604	0.0	0.209	0.796	0
1470	0.00173	0.548	3.56e-05	0.411	0.811	0
1471	0.0509	0.546	1.68e-05	0.188	0.737	0
1472	0.125	0.72	0.000476	0.508	0.746	0
1473	0.000817	0.68	0.621	0.338	0.941	0
1474	0.0143	0.626	0.0	0.217	0.748	0
1475	0.0107	0.723	0.772	0.382	0.784	0
1476	0.131	0.522	0.0209	0.263	0.86	0
1477	0.0533	0.599	0.0	0.811	0.667	0
1478	0.0521	0.719	0.0	0.694	0.657	0
1479	0.00461	0.615	0.00979	0.41	0.638	0
1480	0.00647	0.695	4.87e-06	0.923	0.818	0
1481	0.00064	0.375	0.0	0.5	0.93	0
1482	0.166	0.766	2.51e-06	0.655	0.771	0
1483	0.0105	0.615	0.0	0.443	0.564	0
1484	0.0121	0.692	6.59e-05	0.809	0.896	0
1485	0.0771	0.709	4.71e-06	0.706	0.782	0
1486	0.000569	0.624	1.54e-06	0.458	0.673	0
1487	0.101	0.867	0.0	0.777	0.487	0
1488	0.217	0.62	3.3e-06	0.465	0.713	0
1489	0.57	0.629	0.0	0.38	0.572	0
1490	0.00377	0.61	0.0	0.443	0.747	0
1491	0.0156	0.841	0.0654	0.673	0.639	0
1492	0.186	0.509	0.0	0.648	0.712	0
1493	0.00466	0.722	0.0	0.504	0.614	0
1494	0.0506	0.776	0.0	0.845	0.741	0
1495	0.127	0.698	0.0	0.462	0.882	0
1496	0.267	0.732	0.0	0.685	0.629	0
1497	0.242	0.592	0.0	0.647	0.763	0
1498	0.393	0.602	0.0	0.539	0.707	0
1499	0.0219	0.568	2.3e-05	0.044	0.69	0
1500	0.0913	0.769	0.0	0.501	0.631	0
1501	0.0261	0.555	0.0	0.195	0.645	0
1502	0.0909	0.583	2.02e-05	0.313	0.729	0
1503	0.0182	0.836	2.23e-05	0.531	0.71	0
1504	0.0018	0.598	0.000196	0.321	0.748	0
1505	0.00477	0.585	0.000155	0.273	0.614	0
1506	0.214	0.626	0.0	0.586	0.695	0
1507	0.0418	0.505	0.0	0.309	0.705	0
1508	0.48	0.414	0.0	0.322	0.469	0
1509	0.0234	0.556	0.0	0.263	0.802	0
1510	0.242	0.587	0.0	0.411	0.659	0
1511	0.559	0.628	0.0	0.447	0.694	0
1512	0.92	0.442	0.605	0.205	0.124	0
1513	0.89	0.475	0.0238	0.229	0.0588	0
1514	0.915	0.487	0.00353	0.23	0.135	0
1515	0.922	0.535	0.649	0.159	0.107	0
1516	0.941	0.349	0.819	0.15	0.227	0
1517	0.935	0.428	0.853	0.171	0.187	0
1518	0.859	0.456	0.475	0.171	0.257	0
1519	0.871	0.421	0.429	0.0718	0.0867	0
1520	0.95	0.34	0.927	0.0728	0.237	0
1521	0.973	0.478	0.939	0.235	0.0757	0
1522	0.854	0.46	0.885	0.16	0.141	0
1523	0.957	0.356	0.096	0.259	0.0937	0
1524	0.974	0.385	0.532	0.186	0.0562	0
1525	0.958	0.4	0.878	0.154	0.144	0
1526	0.967	0.296	0.804	0.066	0.0709	0
1527	0.914	0.425	0.921	0.227	0.136	0
1528	0.988	0.479	0.692	0.0728	0.146	0
1529	0.886	0.466	0.927	0.0877	0.0753	0
1530	0.986	0.371	0.937	0.276	0.0295	0
1531	0.94	0.317	0.298	0.155	0.0302	0
1532	0.946	0.505	0.0127	0.205	0.159	0
1533	0.929	0.55	0.828	0.296	0.249	0
1534	0.623	0.47	0.187	0.0591	0.156	0
1535	0.992	0.447	0.776	0.19	0.163	0
1536	0.921	0.445	0.884	0.22	0.223	0
1537	0.81	0.421	0.0021	0.155	0.0161	0
1538	0.99	0.326	0.887	0.311	0.0575	0
1539	0.87	0.446	0.497	0.176	0.242	0
1540	0.823	0.526	0.777	0.173	0.17	0
1541	0.965	0.445	0.915	0.172	0.0978	0
1542	0.924	0.533	0.932	0.103	0.148	0
1543	0.761	0.383	0.194	0.0999	0.131	0
1544	0.846	0.569	0.852	0.102	0.117	0
1545	0.961	0.484	0.474	0.38	0.0291	0
1546	0.986	0.388	0.956	0.192	0.0354	0
1547	0.857	0.364	0.635	0.0581	0.114	0
1548	0.967	0.539	0.168	0.257	0.0678	0
1549	0.971	0.45	0.88	0.0906	0.0437	0
1550	0.886	0.386	0.878	0.132	0.125	0
1551	0.868	0.42	0.587	0.108	0.105	0
1552	0.971	0.428	0.73	0.312	0.212	0
1553	0.96	0.32	0.904	0.0623	0.156	0
1554	0.96	0.411	0.925	0.0746	0.0416	0
1555	0.748	0.52	0.633	0.134	0.0748	0
1556	0.905	0.42	0.857	0.0513	0.0802	0
1557	0.912	0.399	0.623	0.0621	0.307	0
1558	0.937	0.428	0.658	0.221	0.3	0
1559	0.717	0.423	0.0075	0.19	0.158	0
1560	0.93	0.336	0.732	0.198	0.328	0
1561	0.903	0.257	0.134	0.19	0.216	0
1562	0.901	0.368	0.874	0.172	0.14	0
1563	0.195	0.323	0.694	0.0706	0.118	0
1564	0.978	0.575	0.452	0.289	0.0935	0
1565	0.91	0.421	0.415	0.183	0.0967	0
1566	0.936	0.358	0.34	0.246	0.16	0
1567	0.918	0.331	0.902	0.152	0.0861	0
1568	0.971	0.633	0.871	0.473	0.12	0
1569	0.899	0.461	0.015	0.121	0.0389	0
1570	0.827	0.458	0.805	0.125	0.217	0
1571	0.972	0.448	0.876	0.189	0.0532	0
1572	0.97	0.509	0.911	0.368	0.0461	0
1573	0.949	0.386	0.792	0.128	0.148	0
1574	0.973	0.407	0.0762	0.23	0.106	0
1575	0.967	0.384	0.964	0.301	0.0544	0
1576	0.978	0.514	0.00873	0.235	0.0814	0
1577	0.577	0.848	0.0543	0.622	0.465	0
1578	0.144	0.736	2.29e-06	0.89	0.616	0
1579	0.652	0.865	0.0161	0.879	0.548	0
1580	0.311	0.677	0.000144	0.561	0.738	0
1581	0.273	0.784	0.0107	0.85	0.587	0
1582	0.83	0.534	0.0	0.289	0.582	0
1583	0.826	0.876	0.0	0.932	0.301	0
1584	0.791	0.718	0.0	0.592	0.315	0
1585	0.0071	0.498	0.0	0.673	0.721	0
1586	0.0336	0.89	0.0	0.947	0.891	0
1587	0.649	0.603	0.0	0.441	0.355	0
1588	0.519	0.567	0.0	0.598	0.436	0
1589	0.147	0.554	7.27e-06	0.935	0.844	0
1590	0.461	0.873	1.22e-06	0.972	0.511	0
1591	0.741	0.941	1.06e-05	0.545	0.256	0
1592	0.809	0.802	0.0	0.722	0.288	0
1593	0.278	0.693	1.52e-06	0.851	0.578	0
1594	0.995	0.471	0.934	0.183	0.0148	0
1595	0.915	0.277	0.00654	0.0855	0.0156	0
1596	0.995	0.333	0.819	0.0857	0.0288	0
1597	0.971	0.338	0.328	0.205	0.0539	0
1598	0.953	0.156	0.338	0.0588	0.023	0
1599	0.993	0.294	0.912	0.199	0.142	0
1600	0.913	0.152	0.00204	0.0484	0.0626	0
1601	0.983	0.236	0.452	0.0559	0.0632	0
1602	0.951	0.173	0.526	0.0886	0.0619	0
1603	0.991	0.295	0.884	0.119	0.0918	0
1604	0.0841	0.757	0.0992	0.518	0.867	0
1605	0.0319	0.514	0.171	0.487	0.862	0
1606	0.0682	0.412	0.00739	0.239	0.83	0
1607	0.00623	0.654	0.404	0.281	0.728	0
1608	0.043	0.638	0.0	0.102	0.828	0
1609	0.0316	0.591	0.00203	0.16	0.881	0
1610	0.059	0.624	0.0142	0.292	0.732	0
1611	0.282	0.369	0.0	0.311	0.801	0
1612	0.0058	0.704	0.128	0.0727	0.962	0
1613	0.141	0.48	0.0	0.19	0.878	0
1614	0.0086	0.707	0.00839	0.354	0.471	0
1615	0.00732	0.623	0.16	0.247	0.975	0
1616	0.00837	0.184	0.167	0.213	0.871	0
1617	0.024	0.691	0.0412	0.617	0.951	0
1618	0.00259	0.66	0.0	0.167	0.652	0
1619	0.00338	0.569	0.958	0.113	0.896	0
1620	0.00689	0.798	0.0765	0.766	0.809	0
1621	0.475	0.539	0.104	0.211	0.936	0
1622	0.00695	0.583	0.0241	0.234	0.748	0
1623	0.0362	0.56	0.000963	0.577	0.916	0
1624	0.0144	0.507	0.0	0.406	0.665	0
1625	0.00164	0.703	0.000378	0.222	0.684	0
1626	0.00136	0.526	0.732	0.114	0.861	0
1627	0.0124	0.412	0.000128	0.132	0.871	0
1628	0.0168	0.737	0.0534	0.394	0.614	0
1629	8.45e-05	0.649	0.831	0.0744	0.706	0
1630	0.0896	0.49	0.0	0.564	0.811	0
1631	0.00429	0.502	0.769	0.0605	0.756	0
1632	0.241	0.713	0.0	0.667	0.81	0
1633	0.00338	0.575	0.816	0.208	0.913	0
1634	0.0375	0.747	0.000833	0.763	0.877	0
1635	0.021	0.719	0.672	0.483	0.81	0
1636	0.0732	0.509	2.73e-05	0.185	0.729	0
1637	0.0663	0.393	0.00264	0.293	0.94	0
1638	0.0534	0.605	0.837	0.47	0.873	0
1639	0.0291	0.589	3.2e-06	0.161	0.651	0
1640	0.0344	0.561	0.000151	0.212	0.771	0
1641	0.09	0.692	0.941	0.331	0.898	0
1642	0.00233	0.672	0.127	0.352	0.785	0
1643	0.00626	0.691	0.000562	0.463	0.721	0
1644	0.000552	0.841	0.419	0.197	0.673	0
1645	0.031	0.51	0.0	0.349	0.747	0
1646	0.0583	0.516	1.77e-06	0.182	0.786	0
1647	0.00346	0.723	0.00123	0.271	0.809	0
1648	0.00354	0.568	0.0211	0.57	0.928	0
1649	0.0028	0.476	0.00593	0.144	0.815	0
1650	0.00388	0.605	0.598	0.157	0.642	0
1651	0.0856	0.605	0.000162	0.364	0.884	0
1652	0.00273	0.408	3.04e-05	0.141	0.849	0
1653	0.00158	0.598	0.124	0.0473	0.534	0
1654	0.0344	0.529	4.55e-05	0.102	0.955	0
1655	0.00481	0.475	0.0	0.236	0.838	0
1656	0.0111	0.668	0.17	0.561	0.977	0
1657	0.0178	0.69	0.79	0.533	0.841	0
1658	0.0268	0.624	0.000228	0.39	0.923	0
1659	0.0711	0.719	0.00285	0.356	0.737	0
1660	0.0107	0.631	0.00632	0.558	0.893	0
1661	0.0024	0.54	0.954	0.23	0.933	0
1662	0.306	0.546	0.0	0.255	0.772	0
1663	0.00281	0.608	4.83e-06	0.326	0.878	0
1664	0.0294	0.591	0.0	0.482	0.649	0
1665	0.0314	0.559	1.71e-05	0.644	0.882	0
1666	0.0243	0.631	0.0	0.392	0.838	0
1667	0.0002	0.55	1.44e-06	0.185	0.747	0
1668	0.0082	0.581	0.000369	0.551	0.526	0
1669	0.0359	0.761	0.0	0.933	0.639	0
1670	0.157	0.715	1.75e-06	0.814	0.721	0
1671	0.27	0.67	0.0	0.81	0.348	0
1672	0.0757	0.572	0.0	0.0995	0.853	0
1673	0.114	0.858	0.0	0.365	0.697	0
1674	0.000175	0.537	2.2e-06	0.4	0.624	0
1675	0.0583	0.688	2.87e-06	0.879	0.835	0
1676	0.00436	0.578	0.00128	0.518	0.909	0
1677	0.00107	0.507	8.7e-06	0.275	0.918	0
1678	0.0765	0.54	0.0	0.509	0.661	0
1679	0.00278	0.231	0.00055	0.404	0.791	0
1680	4.82e-05	0.409	2.03e-06	0.339	0.992	0
1681	0.000285	0.458	0.000893	0.462	0.99	0
1682	4.24e-05	0.396	0.631	0.146	0.912	0
1683	1.85e-05	0.55	0.214	0.247	0.917	0
1684	6.04e-05	0.505	1.02e-05	0.267	0.985	0
1685	2.79e-05	0.351	0.0725	0.457	0.915	0
1686	0.00267	0.442	7.92e-06	0.258	0.892	0
1687	0.000353	0.42	0.000747	0.318	0.929	0
1688	0.0245	0.623	0.0	0.691	0.886	0
1689	0.00643	0.585	0.0	0.615	0.757	0
1690	0.0154	0.559	0.0	0.563	0.895	0
1691	0.00172	0.542	0.0104	0.365	0.905	0
1692	0.122	0.7	0.0	0.482	0.714	0
1693	0.119	0.64	0.0	0.5	0.533	0
1694	0.687	0.393	0.0	0.205	0.505	0
1695	0.0109	0.599	8.04e-06	0.458	0.677	0
1696	0.0576	0.591	0.0	0.496	0.866	0
1697	0.0109	0.616	0.0	0.709	0.91	0
1698	0.0197	0.593	0.0	0.47	0.814	0
1699	0.000501	0.581	0.0	0.48	0.86	0
1700	0.0123	0.428	1.47e-05	0.72	0.781	0
1701	0.799	0.66	0.0	0.508	0.255	0
1702	0.474	0.672	0.0	0.464	0.396	0
1703	0.292	0.862	0.0	0.504	0.351	0
1704	0.436	0.696	0.0	0.686	0.439	0
1705	0.167	0.631	0.0	0.459	0.591	0
1706	0.00634	0.637	0.0	0.566	0.507	0
1707	0.226	0.546	0.0	0.494	0.522	0
1708	0.0784	0.593	0.0	0.521	0.872	0
1709	0.112	0.688	0.0	0.773	0.795	0
1710	0.114	0.586	0.0	0.353	0.896	0
1711	0.101	0.403	0.0	0.769	0.883	0
1712	0.0987	0.614	0.0	0.655	0.857	0
1713	0.0735	0.531	0.0	0.608	0.771	0
1714	0.0273	0.599	0.0	0.84	0.888	0
1715	0.178	0.644	0.0	0.852	0.842	0
1716	0.0671	0.543	0.0	0.689	0.852	0
1717	0.219	0.638	0.0	0.292	0.705	0
1718	0.0196	0.437	0.0	0.604	0.802	0
1719	0.000479	0.695	0.0	0.731	0.579	0
1720	0.0117	0.85	0.0	0.717	0.398	0
1721	0.0453	0.841	0.00154	0.596	0.552	0
1722	0.409	0.618	6.32e-06	0.561	0.688	0
1723	0.0029	0.583	6.03e-05	0.57	0.681	0
1724	0.067	0.829	0.0	0.717	0.652	0
1725	0.396	0.635	0.0	0.204	0.53	0
1726	0.267	0.809	1.97e-05	0.879	0.522	0
1727	0.074	0.642	0.0	0.453	0.421	0
1728	0.105	0.563	0.0	0.248	0.487	0
1729	0.468	0.578	0.0	0.561	0.375	0
1730	0.499	0.571	0.0	0.162	0.447	0
1731	0.0788	0.873	0.0071	0.49	0.591	0
1732	0.135	0.729	0.000672	0.918	0.914	0
1733	0.0264	0.815	0.00038	0.681	0.944	0
1734	0.0198	0.571	6.6e-06	0.815	0.87	0
1735	0.3	0.55	0.0	0.462	0.563	0
1736	0.0479	0.647	0.0	0.906	0.87	0
1737	0.44	0.468	0.0	0.298	0.535	0
1738	0.0743	0.754	0.000391	0.865	0.946	0
1739	0.0412	0.841	0.0	0.875	0.866	0
1740	0.00799	0.685	0.0	0.806	0.872	0
1741	0.16	0.773	0.0	0.8	0.801	0
1742	0.066	0.798	1.65e-06	0.893	0.862	0
1743	0.0877	0.527	0.0	0.35	0.578	0
1744	0.0563	0.729	0.0	0.395	0.561	0
1745	0.117	0.697	0.0	0.732	0.856	0
1746	0.24	0.683	0.0	0.486	0.687	0
1747	0.245	0.634	0.0	0.668	0.624	0
1748	0.252	0.571	0.0	0.529	0.77	0
1749	0.0522	0.862	0.00126	0.919	0.479	0
1750	0.397	0.66	0.0	0.779	0.707	0
1751	0.31	0.596	0.0	0.864	0.661	0
1752	0.26	0.725	1.09e-05	0.595	0.487	0
1753	0.00819	0.651	0.0	0.668	0.645	0
1754	0.273	0.699	0.0	0.587	0.592	0
1755	0.304	0.654	0.0	0.458	0.564	0
1756	0.265	0.622	0.000473	0.6	0.503	0
1757	0.117	0.634	2.26e-06	0.187	0.528	0
1758	0.0786	0.779	2.4e-05	0.857	0.711	0
1759	0.0058	0.686	0.00333	0.641	0.952	0
1760	0.0565	0.78	8.19e-05	0.327	0.69	0
1761	0.207	0.833	3.92e-06	0.731	0.677	0
1762	0.00373	0.592	3.23e-05	0.2	0.562	0
1763	0.243	0.652	0.0	0.36	0.473	0
1764	0.0862	0.621	0.0	0.415	0.579	0
1765	0.0925	0.685	0.0	0.734	0.784	0
1766	0.0772	0.733	0.0	0.528	0.744	0
1767	0.0138	0.701	0.0	0.292	0.457	0
1768	0.218	0.408	0.0	0.34	0.582	0
1769	0.0227	0.816	1.53e-06	0.654	0.5	0
1770	0.257	0.662	0.0	0.652	0.507	0
1771	0.466	0.635	0.0	0.586	0.54	0
1772	0.163	0.622	0.0	0.595	0.593	0
1773	0.00541	0.538	0.0	0.919	0.677	0
1774	0.273	0.713	0.0	0.738	0.678	0
1775	0.00543	0.771	0.00157	0.683	0.685	0
1776	0.362	0.73	3.69e-06	0.932	0.602	0
1777	0.139	0.845	0.0	0.455	0.576	0
1778	0.102	0.721	4.4e-06	0.769	0.723	0
1779	0.0382	0.518	2.47e-05	0.254	0.666	0
1780	0.201	0.415	0.0	0.283	0.661	0
1781	0.245	0.319	0.0	0.441	0.664	0
1782	0.787	0.386	1.49e-06	0.153	0.248	0
1783	0.0193	0.439	0.0	0.69	0.906	0
1784	0.789	0.764	0.0	0.773	0.348	0
1785	0.214	0.685	0.0	0.463	0.607	0
1786	0.413	0.454	0.0	0.231	0.521	0
1787	0.831	0.4	0.0	0.354	0.337	0
1788	0.789	0.664	0.0	0.71	0.32	0
1789	0.268	0.562	0.0	0.246	0.659	0
1790	0.74	0.637	0.0	0.531	0.659	0
1791	0.962	0.47	0.0	0.396	0.271	0
1792	0.126	0.758	0.0	0.724	0.699	0
1793	0.0269	0.704	0.0	0.486	0.604	0
1794	0.39	0.712	0.0	0.519	0.62	0
1795	0.00406	0.616	2.56e-06	0.545	0.709	0
1796	0.771	0.658	0.0	0.513	0.566	0
1797	0.0305	0.555	0.0	0.519	0.79	0
1798	0.0278	0.51	3.86e-06	0.767	0.708	0
1799	0.0273	0.487	0.0	0.238	0.759	0
1800	0.0901	0.635	2.61e-06	0.431	0.977	0
1801	0.0637	0.406	0.0	0.404	0.638	0
1802	0.0368	0.277	0.0	0.28	0.604	0
1803	0.19	0.776	0.0	0.51	0.507	0
1804	0.122	0.498	0.0	0.489	0.586	0
1805	0.466	0.657	0.0	0.402	0.485	0
1806	0.104	0.652	5.3e-06	0.647	0.621	0
1807	0.152	0.494	0.0	0.246	0.542	0
1808	0.0458	0.732	0.0	0.763	0.772	0
1809	0.00411	0.557	0.0	0.452	0.796	0
1810	0.211	0.627	2.72e-06	0.5	0.669	0
1811	0.429	0.616	0.0	0.354	0.401	0
1812	0.00486	0.586	2.97e-06	0.331	0.637	0
1813	0.00397	0.763	7.85e-05	0.751	0.569	0
1814	0.256	0.539	0.0	0.494	0.658	0
1815	0.4	0.679	0.0	0.558	0.657	0
1816	0.0156	0.627	4.63e-06	0.677	0.871	0
1817	0.828	0.717	0.0	0.331	0.32	0
1818	0.41	0.694	0.0	0.466	0.472	0
1819	0.299	0.51	0.0	0.305	0.602	0
1820	0.382	0.428	0.0	0.141	0.514	0
1821	0.45	0.551	0.0	0.662	0.527	0
1822	0.0136	0.523	0.000255	0.473	0.828	0
1823	0.00509	0.571	0.0	0.725	0.89	0
1824	0.0535	0.5	0.0	0.743	0.802	0
1825	0.000668	0.493	0.0	0.467	0.956	0
1826	0.00216	0.659	0.0	0.882	0.9	0
1827	0.0236	0.92	0.0158	0.856	0.654	0
1828	0.0491	0.779	7.98e-06	0.918	0.867	0
1829	0.11	0.758	0.0285	0.953	0.927	0
1830	0.0367	0.608	0.000554	0.497	0.816	0
1831	0.43	0.794	1.15e-05	0.268	0.798	0
1832	0.23	0.888	0.000424	0.96	0.815	0
1833	0.00388	0.492	0.0	0.533	0.797	0
1834	0.107	0.632	0.0	0.45	0.518	0
1835	0.143	0.658	0.0	0.655	0.696	0
1836	0.0371	0.672	0.000184	0.452	0.819	0
1837	0.309	0.421	0.000961	0.168	0.407	0
1838	0.0345	0.589	0.0	0.595	0.83	0
1839	0.00159	0.642	0.0	0.441	0.823	0
1840	0.106	0.677	0.0	0.455	0.437	0
1841	0.845	0.24	0.0	0.199	0.16	0
1842	0.0647	0.575	0.000187	0.608	0.886	0
1843	0.197	0.794	9.04e-05	0.813	0.891	0
1844	0.0029	0.555	0.00681	0.488	0.63	0
1845	0.307	0.556	0.00115	0.779	0.517	0
1846	0.413	0.625	0.0	0.123	0.426	0
1847	0.0704	0.689	0.0	0.265	0.677	0
1848	0.0117	0.852	1.96e-05	0.887	0.563	0
1849	0.371	0.814	0.0	0.546	0.431	0
1850	0.0527	0.701	0.0	0.241	0.383	0
1851	0.415	0.773	0.00014	0.411	0.309	0
1852	0.311	0.657	0.0	0.181	0.456	0
1853	0.00947	0.739	2.99e-05	0.762	0.947	0
1854	0.259	0.534	0.0	0.139	0.642	0
1855	0.784	0.485	0.000122	0.255	0.332	0
1856	0.965	0.71	0.0	0.352	0.0565	0
1857	0.524	0.849	0.0	0.771	0.531	0
1858	0.622	0.413	0.00562	0.336	0.439	0
1859	0.904	0.513	9.27e-06	0.381	0.274	0
1860	0.701	0.447	1.56e-06	0.352	0.288	0
1861	0.265	0.546	7.47e-05	0.461	0.76	0
1862	0.286	0.614	2.64e-06	0.255	0.549	0
1863	0.0299	0.604	0.00382	0.585	0.841	0
1864	0.859	0.606	0.00247	0.234	0.411	0
1865	0.323	0.661	0.0222	0.307	0.544	0
1866	0.395	0.644	0.0	0.453	0.523	0
1867	0.208	0.645	0.0	0.395	0.52	0
1868	0.0897	0.499	7.28e-05	0.451	0.94	0
1869	0.185	0.52	0.00785	0.41	0.497	0
1870	0.0754	0.655	0.0	0.571	0.873	0
1871	0.245	0.602	0.0	0.387	0.771	0
1872	0.266	0.626	0.00405	0.187	0.601	0
1873	0.58	0.599	0.276	0.312	0.699	0
1874	0.0331	0.678	1.51e-05	0.687	0.783	0
1875	0.0816	0.611	0.116	0.667	0.487	0
1876	0.994	0.206	0.828	0.0378	0.0347	0
1877	0.00832	0.64	0.0	0.735	0.864	0
1878	0.211	0.581	1.42e-06	0.772	0.817	0
1879	0.00162	0.543	2.1e-06	0.83	0.912	0
1880	9.24e-05	0.547	5.46e-05	0.581	0.693	0
1881	0.00117	0.464	1.46e-06	0.505	0.785	0
1882	0.000372	0.615	0.0204	0.78	0.657	0
1883	0.00131	0.417	0.0	0.501	0.946	0
1884	0.171	0.618	0.0	0.727	0.896	0
1885	0.00913	0.638	0.000843	0.474	0.666	0
1886	0.00468	0.499	0.0	0.869	0.873	0
1887	0.0108	0.743	0.0702	0.934	0.67	0
1888	0.0558	0.6	6.82e-06	0.601	0.811	0
1889	0.0067	0.42	0.0	0.459	0.672	0
1890	0.16	0.561	0.0	0.509	0.555	0
1891	0.000891	0.481	0.0	0.643	0.94	0
1892	0.417	0.566	0.0	0.868	0.804	0
1893	0.0437	0.637	0.0	0.596	0.846	0
1894	0.114	0.483	0.0	0.69	0.818	0
1895	0.219	0.701	0.0	0.895	0.261	0
1896	0.00971	0.498	0.775	0.781	0.685	0
1897	0.00133	0.291	5.61e-06	0.493	0.79	0
1898	0.0271	0.48	3.24e-06	0.646	0.891	0
1899	0.25	0.58	1.83e-05	0.372	0.575	0
1900	0.35	0.926	6.17e-06	0.903	0.916	0
1901	0.0584	0.967	0.0	0.965	0.583	0
1902	0.0823	0.741	0.0	0.616	0.748	0
1903	0.185	0.757	5.56e-05	0.887	0.725	0
1904	0.173	0.618	0.000226	0.919	0.794	0
1905	0.139	0.671	0.0	0.82	0.727	0
1906	0.0251	0.743	0.000717	0.604	0.675	0
1907	0.0661	0.639	0.02	0.668	0.849	0
1908	0.00129	0.494	0.0	0.713	0.946	0
1909	0.101	0.768	0.0	0.876	0.864	0
1910	0.0028	0.686	7.16e-06	0.784	0.915	0
1911	0.313	0.593	0.000582	0.755	0.642	0
1912	0.25	0.295	0.0	0.361	0.593	0
1913	1.92e-05	0.439	1.21e-05	0.516	0.931	0
1914	0.16	0.609	4.73e-06	0.96	0.923	0
1915	0.161	0.667	0.0	0.449	0.728	0
1916	0.43	0.566	0.0	0.785	0.705	0
1917	0.0534	0.748	0.0	0.962	0.939	0
1918	0.0962	0.72	0.0	0.964	0.898	0
1919	0.0449	0.706	1.04e-06	0.616	0.893	0
1920	0.153	0.831	0.00213	0.808	0.921	0
1921	0.0863	0.675	7.58e-06	0.57	0.553	0
1922	0.363	0.622	0.000158	0.758	0.692	0
1923	0.000501	0.749	0.00403	0.461	0.745	0
1924	0.0296	0.6	7.1e-05	0.527	0.931	0
1925	0.0475	0.559	0.000176	0.608	0.868	0
1926	0.632	0.631	4.64e-05	0.268	0.363	0
1927	0.284	0.778	0.0	0.767	0.824	0
1928	0.00542	0.875	2.54e-06	0.552	0.631	0
1929	0.00281	0.633	1.29e-05	0.471	0.976	0
1930	0.101	0.835	0.0	0.826	0.687	0
1931	0.0446	0.853	3.37e-05	0.558	0.676	0
1932	0.0559	0.514	0.0	0.614	0.911	0
1933	0.00125	0.649	4.31e-05	0.774	0.815	0
1934	0.265	0.793	6.84e-06	0.859	0.832	0
1935	0.12	0.851	1.39e-06	0.769	0.806	0
1936	0.0572	0.585	7.74e-06	0.43	0.776	0
1937	0.132	0.658	0.0	0.929	0.781	0
1938	0.121	0.81	3.39e-06	0.853	0.885	0
1939	0.0174	0.757	6.04e-06	0.853	0.902	0
1940	0.00599	0.618	0.0	0.949	0.96	0
1941	0.0561	0.766	0.0	0.964	0.725	0
1942	0.00733	0.845	5.04e-06	0.954	0.768	0
1943	0.0581	0.64	0.0	0.68	0.947	0
1944	0.0803	0.524	1.37e-05	0.237	0.429	0
1945	0.573	0.498	0.0	0.402	0.467	0
1946	0.284	0.672	0.000608	0.652	0.709	0
1947	0.674	0.528	0.0	0.49	0.271	0
1948	0.453	0.511	0.000212	0.142	0.453	0
1949	0.342	0.53	4.28e-06	0.495	0.445	0
1950	0.707	0.433	3.75e-06	0.0384	0.364	0
1951	0.267	0.563	0.0	0.81	0.847	0
1952	0.25	0.764	0.000112	0.967	0.811	0
1953	0.00754	0.653	0.0	0.413	0.933	0
1954	0.422	0.927	4.36e-05	0.966	0.721	0
1955	0.16	0.85	0.523	0.963	0.623	0
1956	0.441	0.762	0.0	0.776	0.705	0
1957	0.0336	0.959	0.0	0.733	0.545	0
1958	0.154	0.664	0.000307	0.728	0.679	0
1959	0.719	0.836	1.4e-05	0.575	0.395	0
1960	0.537	0.191	1.23e-06	0.545	0.664	0
1961	0.00769	0.771	0.0013	0.524	0.812	0
1962	0.0588	0.653	0.0	0.809	0.748	0
1963	0.721	0.366	0.000636	0.262	0.363	0
1964	0.00513	0.685	0.00347	0.627	0.948	0
1965	0.677	0.423	0.0	0.298	0.655	0
1966	0.483	0.687	0.0	0.974	0.724	0
1967	0.00141	0.895	0.000383	0.893	0.883	0
1968	0.0459	0.616	0.0	0.684	0.91	0
1969	0.288	0.668	0.0	0.512	0.897	0
1970	0.0364	0.549	1.94e-06	0.462	0.576	0
1971	0.141	0.615	0.0	0.707	0.403	0
1972	0.0423	0.854	0.00576	0.818	0.903	0
1973	0.00135	0.446	0.0	0.52	0.764	0
1974	0.000204	0.614	0.504	0.615	0.873	0
1975	8.67e-05	0.485	0.0	0.55	0.911	0
1976	0.000102	0.446	1.89e-05	0.884	0.9	0
1977	0.0707	0.947	0.0	0.837	0.829	0
1978	0.17	0.466	0.0	0.393	0.72	0
1979	0.342	0.591	0.363	0.38	0.75	0
1980	0.00574	0.682	0.0	0.347	0.812	0
1981	0.181	0.585	1.03e-05	0.173	0.612	0
1982	0.00194	0.616	0.00235	0.81	0.908	0
1983	0.626	0.682	0.43	0.963	0.518	0
1984	0.119	0.904	0.0147	0.722	0.517	0
1985	0.00701	0.578	0.0	0.619	0.866	0
1986	0.00173	0.472	0.0	0.343	0.844	0
1987	0.0283	0.421	0.0	0.489	0.831	0
1988	8.39e-05	0.467	0.00204	0.577	0.794	0
1989	0.000797	0.48	1.01e-06	0.701	0.826	0
1990	0.00059	0.594	3.11e-06	0.646	0.858	0
1991	0.000366	0.544	0.0	0.821	0.788	0
1992	0.00749	0.446	0.0	0.428	0.881	0
1993	0.0019	0.551	0.0	0.628	0.732	0
1994	0.51	0.63	2.26e-05	0.714	0.772	0
1995	0.0202	0.333	0.0	0.129	0.913	0
1996	0.00363	0.743	0.143	0.186	0.889	0
1997	0.00087	0.465	0.0146	0.554	0.953	0
1998	0.0316	0.68	1.81e-05	0.26	0.725	0
1999	0.00499	0.619	0.000418	0.257	0.949	0
2000	0.0935	0.52	0.0035	0.362	0.809	0
2001	0.00262	0.484	0.0	0.266	0.609	0
2002	0.0301	0.583	3.25e-06	0.321	0.891	0
2003	0.000461	0.562	0.0383	0.311	0.96	0
2004	0.0969	0.595	0.0	0.183	0.975	0
2005	0.0216	0.526	1.39e-06	0.108	0.825	0
2006	0.178	0.501	2.7e-06	0.307	0.683	0
2007	0.00217	0.639	0.112	0.494	0.978	0
2008	0.0541	0.646	0.0	0.589	0.714	0
2009	0.00499	0.595	0.0359	0.331	0.837	0
2010	0.00231	0.624	0.121	0.442	0.971	0
2011	0.000586	0.528	0.00489	0.327	0.879	0
2012	0.00106	0.584	0.00269	0.211	0.932	0
2013	0.0877	0.894	0.00167	0.867	0.892	0
2014	0.00857	0.637	0.00399	0.47	0.935	0
2015	0.00164	0.557	0.677	0.623	0.992	0
2016	0.00281	0.446	3.87e-05	0.402	0.915	0
